"Stock_ID","Genotype","Description","Note","Res_Person","Flybase","Project"
"G001","Oregon-R-P2","wild type","selected for rapid egg laying ability","None","B-2376","None",
"G002","W[m]","can be used as wild type","None","None","None","None",
"G003","P{UAS-grim}","on 3rd","None","None","None","None",
"G004","y[1]w[*];p{w=Act5c(FRT.y[+])Gal4.Switch.Pr}X","1,","PR activated Gal4 can be expressed by Act5c after removal of FRT.y[+]","Lei","9381","None",
"G005","K/Cyo; P53-[5A]/tm3ser","2;3","generated from 1x vial","Adrian Acuna","None","P53Meta",
"G006","pUAS-Corp","8C-3 on 3rd","2nd G154","None","None","None",
"G007","K/Cyo; P53-[5A]/tm3ser","2;3","genearted from vial 1y","Adrian Acuna","None","P53Meta",
"G008","K/Cyo; P53-[5a/P53-[5A]","2;3","generated from G005","Adrian Acuna","None","P53Meta",
"G009","P{UAS-P35.H}BH3","on 3rd","P35 on 3rd","None","B6298","None",
"G010","Paied-Gal4","Paired-like pattern,","None","None","B-1947","None",
"G011","pUAS-Corp","on 1;2","Stock for H.R.","None","B-6934","None",
"G012","y[1] sc[*] v[1]; P{y[+t7.7] v[+t1.8]=TRiP.HMS01522}attP2","1;3","Expresses dsRNA for RNAi of l(2)gl (FBgn0002121) under UAS control, TRiP.","Jordan","B35773","None",
"G013","P{UAS-rpr};;P{UAS-rpr}/TM3","None","04/28/2011 - check, stock has no TM3?? Possibly lost -LZ","None","None","None",
"G014","pUAS-Corp","8C4/CyO","2nd G160","None","None","None",
"G015","p7N3 UAS-XIK/CyO","~ 2nd","2nd G161","None","None","None",
"G016","W[m]","None","None","None","None","None",
"G017","ey1xgal4:UASGFP/Cyo; D/TmSser","2;3","None","Adrian Acuna","None","P53 Meta",
"G018","UAS-rpr;;UAS-Corp(8C2)","homozygous","2nd G167","None","None","None",
"G019","y[1] v[1]; P{y[+t7.7] v[+t1.8]=TRiP.HM05155}attP2","1;3","Expresses dsRNA for RNAi of lid (FBgn0031759) under UAS control, TRiP.","Jordan","B28944","None",
"G020","y[1] v[1]; P{y[+t7.7] v[+t1.8]=UAS-GFP.VALIUM10}attP2","1;3","Expresses GFP under the control of UAS in the VALIUM10 vector. Can be used as a control for VALIUM10 or VALIUM20, TRiP.","None","B35786","None",
"G021","w, P{UAS-S_spitz}","secreted form of spitz; from Ben shallo","None","None","None","None",
"G022","y[1] v[1]; P{y[+t7.7] v[+t1.8]=TRiP.JF01073}attP2","1;3","Expresses dsRNA for RNAi of l(2)gl (FBgn0002121) under UAS control, TRiP.","Jordan","B31517","None",
"G023","P{UAS-rpr}{UAS-hid}/TM3","None","None","None","None","None",
"G024","UAS-dMyc RNAi","2","None","None","VDRC2947","None",
"G025","UAS-UTX RNAi","2","Phi31 insertion","None","VDRC105986","None",
"G026","ey1xgal4:UADsRed/Cyo; Df(IRER)[B39]/T3Sb","2;3","not verified for IRER deletion; 06-10-2016, no band for Df(IRER) - Ben; ","Adrian Acuna","None","P53Meta",
"G027","y[1] sc[*] v[1]; P{y[+t7.7] v[+t1.8]=TRiP.GL00612}attP40","1;2","Expresses dsRNA for RNAi of lid (FBgn0031759) under UAS control. May be segregating CyO, TRiP.","Jordan","B36652","None",
"G028","yw[*];IRER{tub-GFP}","1;3","Strain #4: X chromosome from G206, PCR Verified. Awaiting Sequencing","Ben","None","Epilluminator",
"G029","y[1] sc[*] v[1]; P{y[+t7.7] v[+t1.8]=TRiP.GLV21071}attP2/TM3, Sb[1]","1;3","Expresses dsRNA for RNAi of lid (FBgn0031759) under UAS control, TRiP.","Jordan","B35706","None",
"G030","y[1] w[67c23]; P{y[+mDint2] w[BR.E.BR]=SUPor-P}p38b[KG01337]","1,2","Su(Hw) inseertion in front p38b; 34D1, 2L:13780612..13780612 (R5 flank);","LZ","B14364","None",
"G031","P{UAS-p35}; ;P{UAS-grim}","None","None","None","None","None",
"G032","Corp1.0-lacZ [15B]","corp promoter testing","on 3rd, homozygous viable, low level expression resembles in situ signal.","None","None","None",
"G033","yw[*];IRER{tub-GFP}","1;3","Strain #9: X chromosome from G206, PCR Verified. Awaiting Sequencing","Ben","None","Epilluminator",
"G034","y[1] w[67c23]; P{w[+mC] y[+mDint2]=EPgy2}p38b[EY11174]","1,2"," 34D1, 2L:13780723..13780723 (R5 flank)UAS inseertion in front p38b;","None","B22319","None",
"G035","y[1] w[*]; P{w[+mC]=UAS-Tor.TED}II","UAS- dominant negative Tor protein","1;2","None","B7013","None",
"G036","y[1] w[67c23] P{y[+mDint2]=Crey}1b; sna[Sco]/CyO; Dr[1]/TM3, Sb[1]","1;2;3","None","Ying","B34516","None",
"G037","UAS-Kdm4B RNAi (LOST)","2","Histone demethylase 4B","None","VDRC110158","None",
"G038","w; P{UAS-EGFP}5a.2","UAS-EGFP on 2nd","None","None","B5431","None",
"G039","P{UAS-AUG-DsRed}Ea,w;P{UAS-AUG-DsRed}Eb;P{UAS-AUG-DsRed}Ec","UAS-DsRed on all three chromosome","None","None","B6280","None",
"G040","UAS-GAF RNAi","3","None","None","VDRC41095","None",
"G041","yw[*]; IRER{tub-GFP}","1;3","Strain #14: X chromosome from G206, PCR Verified. Awaiting Sequencing","Ben","None","Epilluminator",
"G042","U.36.O","Dmekk1 mutant, semi lethal","from K. Matsnmoto","None","None","None",
"G043","UAS-HCV-1","G174 injection","None","None","None","None",
"G044","w;+/(SM1);U.36,N.hs-DMEKK1A3-1-1/TM3","None","From K. Matsnmoto","None","None","None",
"G045","UAS-dLSD1 RNAi","2","Histone demethylase","None","VDRC106147","None",
"G046","w[*]; P{w[+mC]=UAS-Hsap\MJD.tr-Q78}c37.3","neurogenerative model","1;3","None","B8141","None",
"G047","Bac[40kbreaper-sickle-GFP]????","None","attp site on 51C; tested negative initially","None","None","None",
"G048","P{GMR-(A)dcp1 [4]}","on 3rd","active form of dcp-1","None","None","None",
"G049","P{GMR-traf [1]}","on 2nd","None","None","None","None",
"G050","y[1] sc[*] v[1]; P{y[+t7.7] v[+t1.8]=TRiP.HMS00066}attP2","1;3","33659","None","33659","P53 Meta",
"G051","w[*]; ry[506] Dr[1]/TM6B, P{Dfd-GMR-nvYFP}4, Sb[1] Tb[1] ca[1]","1;3","3rd chromosome balancer YFP","None","B23232","None",
"G052","w[1118]; DCTN1-p150[1]/TM3, P{w[+mC]=sChFP}3, Sb[1]","1;3","3rd chromosome balancer ChFP","None","B35524","None",
"G053","TM3,P{ry[+t7.2]=ftzlacZ.ry[+]}TM3,Sb1ry[*]/Dr[Mio]","on 3rd","TM3 color balancer","None","B-3218","None",
"G054","2G-2/TM3Sb","880 hac-1 transgenic strain","on 3","None","None","None",
"G055","G364,FRT80B/TM3Sb","3","None","Can","None","IRER function",
"G056","G364,FRT80B/TM6Tb","3","None","Can","None","IRER function",
"G057","G362,FRT80B/TM3Sb","3","None","Can","None","IRER function",
"G058","G362,FRT80B/TM6Tb","3","None","Can","None","IRER function",
"G059","P{UAS-Drice[6]}","on 3rd","None","None","None","None",
"G060","P{UAS-drice}","on 2nd","None","None","None","None",
"G061","UAS-CP190 RNAi","3","None","None","VDRC35078","None",
"G062","w[1118]; Dr[Mio]/TM3, P{w[+mC]=GAL4-twi.G}2.3, P{UAS-2xEGFP}AH2.3, Sb[1] Ser[1]","1;3","3rd chromosome balancer GFP","None","B6663","None",
"G063","Corp[EY95B]/FM7 ftz lacZ","None","??FM7 balancer lost--Lei2012.09.16","None","None","None",
"G064","P{GMR-grim}","From John Abram, Phenotype ???","None","None","None","None",
"G065","Df(Corp):ubi-DsRed[6-4]","x","corp regon replaced with Ubi-Dsred with CRISPRCas9","None","None","None",
"G066","w[*]; Sb[1]/TM3, P{w[+mC]=ActGFP}JMR2,Ser[1]","GFP balancer","TM3_GFP mapping","None","B4534","None",
"G067","P{GMR-(fl)dcp-1 [1]}","on 3rd","None","None","None","None",
"G068","P{GMR-(fl)dcp-1 [3]}}","on 2nd","None","None","None","None",
"G069","w[*];P{w[+mC]=GAL4-ninaE.GMR}12","GMR-Gal4/ eye","1;2 Tested 20051128 - right","None","B-1104","None",
"G070","w[*]; P{w[+mC]=UAS-AUG-DsRed}B/CyO, P{ry[+t7.2]=sevRas1.V12}FK1","on 2nd","might have a 4th chromosome insertion as well, K.M.; see http://www.clontech.com/archive/OCT99UPD/RFP.html for technical information on DsRed","None","B6281","None",
"G071","P{GMR-dcp-1}","?active","None","None","None","None",
"G072","UAS-Hippo RNAi","2","None","None","VDRC104169","None",
"G073","P{GMR-diap1[2-1]}","None","None","None","None","None",
"G074","y[1] sc[*] v[1]; P{y[+t7.7] v[+t1.8]=TRiP.HMS01993}attP40/CyO ","1;2","None","None","39073","P53 Meta",
"G075","UAS-hep[CA]/Cyo;B39/TM6TbSb","2,3","None","Can","None","IRER function",
"G076","w[1118];Ly[1]/TM6B, P{w[+mW.hs]=Ubi-GFP.S65T}PAD2, Tb[1]","None","TM6B_GFP","None","None","None",
"G077","y[1] sc[*] v[1]; P{y[+t7.7] v[+t1.8]=TRiP.HMS02286}attP2 ","1;3","None","None","41720","P53 Meta",
"G078","T538A","hac-1 promoter transgenic fly strain","None","None","None","None",
"G079","P{w[+mC]=ovoD1-18}2La P{ry[+t7.2]=neoFRT}40A/T(1;2)OR64/Cyo","None","FRT on 2R","None","B4433","None",
"G080","y[1] w[*]; Mi{PT-GFSTF.0}p53[MI01307-GFSTF.0]/TM6C, Sb[1] Tb[+] ","1;3","None","None","60516","P53 Meta",
"G081","Df(corp):ubi-DsRed[12-2]","Corp deletion with red eye","corp regon replaced with Ubi-Dsred with CRISPRCas9","Lily","VDRC3014","None",
"G082","GMR-diap1:GMR-(fl)dcp-1","None","None","None","None","None",
"G083","l(1)*[*], w[1118]/FM7c","1, X balancer strain","Balancer X chromsome","None","B7756","None",
"G084","UAS-E(z) RNAi","2","None","None","VDRC107072","None",
"G085","w[1118]","None","None","None","B5905","None",
"G086","w* Df(corp):ubi-DsRed[34-3]","Corp deletion with white eye","corp regon replaced with Ubi-Dsred with CRISPRCas9","Lily","B-4781","None",
"G087","w* dlg114 P{FRT(whs)}101/FM7a; PBac{PB}CG11583c01124 P{neoFRT}80B/TM3, Sb1","1,2,3,  Balancer strain for X, 3","Dounble balancer for X & 3","None","B36283","None",
"G088","UAS-Lid RNAi","2","little imaginal discs","None","VDRC103830","None",
"G089","p{UAS_dP53}","D_P53 under UAS","from Michael Young, possbily on the 2nd?","None","None","None",
"G090","y[1] sc[*] v[1]; P{y[+t7.7] v[+t1.8]=TRiP.HMS00904}attP2","UAS-RNAi for Tor; TRiP.","68A4, 3L:11063638 (attP)*** lost 2012.11.15-- all white eyes.","None","B33951","None",
"G091","UAS-CBP RNAi","2","None","None","VDRC104064","None",
"G092","UAS-Zw5 RNAi","3","None","None","VDRC4556","None",
"G093","UAS-Su(Hw) RNAi","2","None","None","VDRC10724","None",
"G094","UAS-dve RNAi","2","None","None","VDRC109538","None",
"G095","yw 67c23","None","None","None","None","None",
"G096","y[1] sc[*] v[1]; P{y[+t7.7] v[+t1.8]=TRiP.HMS01114}attP2","RNAi of Tor (FBgn0021796) under UAS control, TRiP","68A4, 3L:11063638 (attP)","None","B33639","None",
"G097"," Df(3L)H99, kni[ri-1] p[p]/TM3, Sb[1] ","None","Bloomington stock id: 1576","None","None","None",
"G098","w[*]; P{w[+mW.hs]=GawB}C5[C5]","1;?","Expresses GAL4 in large field neurons, wing disc, protocerebrum & mushroom & fan shaped bodies; unknown insertion location","None","B30839","None",
"G099","P{w[+mC]=UAS-Akt1.Exel}1, y[1] w[1118]","1","Expresses wild type Akt1 under the control of UAS.","None","B8192","None",
"G100","Dr, X3 IRER{ubi-DsRed}/T3 Sb ftz:lacZ","DsRed inserted into IRER region","recombined with Dr to allow maintaining as balanced strain","Lei","None","X3",
"G101","T111+112A","hac-1 promoter transgenic fly strain","None","None","None","None",
"G102","p52 Gal 4/UAS-lacZ","None","None","None","None","None",
"G103"," y[1] w[*]; P{w[+mC]=lacW}Dark[CD4]/CyO; TM3, Sb[1]/Df(3L)H99, kni[ri-1] p[p] ","None","Bloomington stock id: 9926","None","None","None",
"G104","X3: IRER{ubi-DsRed} --2","3","None","Can","None","X3",
"G105","UAS-p35; UAS-dMyc; (X3/+)","1;2;3","None","Can","None","IRER function",
"G106","GMR-Gal4/CyO;B39/Tm6BTb","2;3","The same GMR-Gal4 as M078","Can","None","IRER function",
"G107","Oregon R","wild type","from Marta Wayn","None","None","None",
"G108","w[*]; P{w[+mC]=UAS-phl.gof}F179","1;3","constitutively activated Drosophila raf gene, N.P.","None","B2033","None",
"G109","GMR-Gal4","2","a gift from Pedro","Can","None","IRER function",
"G110","HSFlp; UAS-dMyc;B39/Tm6Tb","1;2;3","None","Can","None","IRER function",
"G111","Bac-IRER40kb[51D]/CyO; Prd-Gal4/Tm6BTb","2;3","None","Can","None","IRER function",
"G112","p{v[+t1.8]=hs-l-Crel.R}2A,v[1];ry[506]","None","on 1;3","None","B-6936","None",
"G113","Bac-IRER40kb[51D]/CyO; dpp-Gal4/Tm6BTb","2;3","None","Can","None","IRER function",
"G114","FM7c, P{2xTb1-RFP}FM7c, sn+/ocotd-XC86","1, ","X balancer","None","B36337","None",
"G115","w[*];P{w[+mC]=Ser-GAL4.GF}1 P{Ser-GAL4.GF}2","Wing Gal4","1;2","None","B-6791","None",
"G116","w[1118]; noc[Sco]/CyO, P{ry[+t7.2]=en1}wg[en11]","None","Cyo_enLacZ; 2nd chromsosome mapping balancer","None","B-1672","None",
"G117","y[1] w[*]; Mi{PT-GFSTF.0}p53[MI01307-GFSTF.0]/TM6C, Sb[1] Tb[+] ","1;3","60516","None","None","None",
"G118","w; ey-Gal4/CyO, Act-GFP","1;2","None","Can","None","IRER function",
"G119","Canton-S","None","None","None","B-1","None",
"G120","w[1118]; P{w[+mC]=UAS-GFP.nls}14","2","None","None","B-4775","None",
"G121","w[*];P{w[+mC]=UAS-Hasp\SNCA.A30P}40.1","neurogenerative model; express human mutant A30P form of alpha-synuclein","1;3","None","B8147","None",
"G122","y[1] w[*] P{ry[+t7.2]=hsFLP}1; P{w[+mC]=UAS-Tor.WT}III","UAS-tor","1:3","None","B7012","None",
"G123","y[1] sc[*] v[1]; P{y[+t7.7] v[+t1.8]=TRiP.HMS01304}attP2","1;3","Expresses dsRNA for RNAi of Kdm4A (FBgn0033233) under UAS control, TRiP.","Can/080712","B34629","None",
"G124","w*; KrIf-1/CyO; Df(3L)Ly, sensLy-1/TM6C, Sb1 Tb1","1,2,3","double balancer for 2& #","None","B42294","None",
"G125","105H","hac-1_1.8kb-lacZ transformant","2nd, homozygous viable","None","None","None",
"G126","w[*];P{w[+mC]=Ser-GAL4.GF}1P{ser-GAL4.GF}2;IRER{tub-GFP}","1;2;3","Generated from G028 and G163  (6/27/16). Book = IRER{tub-GFP}_pg27","Ben","None","Epilluminator",
"G127","y[1] v[1]; P{y[+t7.7] v[+t1.8]=TRiP.JF03093}attP2","1;3","Expresses dsRNA for RNAi of skl (FBgn0036786) under UAS control, TRiP.","Can/080712","B28678","None",
"G128","w[*];P{w[+mC]=Ser-GAL4.GF}1P{ser-GAL4.GF}2;IRER{tub-GFP}","1;2;3","Generated from G033 and G163  (6/27/16). Book = IRER{tub-GFP}_pg27","Ben","None","Epilluminator",
"G129","ey1xGal4:UASDsRed/cyo;P53[5A]-/tm3ser","2;3","Generated from Vial 4B; verified for p53 deletion","adrian acuna","None","None",
"G130","w[*];P{w[+mC]=Ser-GAL4.GF}1P{ser-GAL4.GF}2;IRER{tub-GFP}","1;2;3","Generated from G041 and G163  (6/27/16). Book = IRER{tub-GFP}_pg27","Ben","None","Epilluminator",
"G131","w1118,UAS-dicer;Act5c-Gal4/Cyo","1; 2","UAS-Dicer on X; Act-Gal4 on 2nd","Lei","25708","None",
"G132","ey1xgal4: UAS-DsRed/Cyo;Df(IRER)/T3Sb","2;3","None","Ben","None","IRER",
"G133","w;drm-Gal4/TM3 Sb","1;3","Gal4 for midgut","Lei","7098","None",
"G134","109-1","PUAS-hac-1","on 2nd, Cyo floating","None","None","None",
"G135","w[*]; P{w[+mC]=Act5C-GAL4}25FO1, P{w[+mC]=UAS-GFP.U}2/T(2;3)TSTL, CyO: TM6B, Tb[1]","1;2;3","None","Adrian","42713","None",
"G136","Bac[40kbreaper-sickle-GFP] ????","2","attp site on 51C; tested negative initially","None","None","None",
"G137","yw, Act5c-Gal4/Cyo","1;2","Act-Gal4 for epiligher project","Lei","4414","None",
"G138","Bac[40kbreaper-sickle-GFP] ????","2nd","attp site on 51C; tested negative initially","Can, Michele,& Bo","None","None",
"G139","UAS-Ras[v12]:IERE{ubi-DsRed}[x3]/TM3 Sb","3","recombinant UAS-Ras[v12] with X3 For generating cell lines","Lei","None","None",
"G140","PUAShid;PUASCorp/CyO wg LacZ","None","None","None","None","None",
"G141","SLIT 1.0 lacZ B","on X","None","None","None","None",
"G142","Bac[40kbreaper-sickle-GFP] ** tested 2012.10.05 by Bo ????????","2nd","attp site on 51C; tested possitive (induction following IR)) by Bo --???? potential problem with mixed heterozygous and homozygous","None","None","None",
"G143","w[1118];P{w[+mC]=UAS-E2F.N}5AP{w[+mC]=UAS-Dp.D}8C/CyO","None","UAS-E2F/DP on 2nd","None","B-4774","None",
"G144","y[1] w[*]; wg[Sp-1]/CyO; P{w[+mW.hs]=GawB}mirr[DE]/TM3, Sb[1]","1;2;3","None","Adrian","29650","None",
"G145","y[*]w[*];P{w[+mC]=UAS-2xEYFP}AH2","None","None","None","B-6659","None",
"G146","w[*]; P{w[+mC]=He-GAL4.Z}85","1;3","Expresses GAL4 in hemocytes, D.H.","Jordan","B8699","None",
"G147","wg[Sp-1]/Cyo; Ki[1]/TM3,P{ry[+]ftzLacz}SC1,Sb[1]","on 3rd-Cyo & TM3 double balancer","None","None","B-6259","None",
"G148","y[1] w[*]; P{w[+mC]=crq-GAL4}2","1;2","Expresses GAL4 in embryonic hemocytes, B.O.","Jordan","B25041","None",
"G149","w[*]; TM3, Sb[1] Ser[1]/TM6B, Tb[1","1;3","Ser[1] largely suppress","None","B-2537","None",
"G150","y[d2] w[1118] P{ry[+t7.2]=ey-FLP.N}2 P{GMR-lacZ.C(38.1)}TPN1; P{ry[+t7.2]=neoFRT}42D","1;2","42D (FRT)","None","B-5616","None",
"G151","y[1] w[1118]; P{w[+mC]=ey1x-GAL4.Exel}3","1;3","One copy of the ey enhancer drives GAL4 expression in the eyeless pattern.","Jordan","B8227","None",
"G152","y[*]w[*];P{w[+mC]=UAS-2xEGFP}AH2","UAS-GFP","None","None","B-6874","None",
"G153","pUAS-Corp","9C-1 on 2nd","None","None","None","None",
"G154","y[1] w[*]; wg[Sp-1]/CyO; P{w[+mW.hs]=GawB}mirr[DE]/TM3, Sb[1]","1;3","Expresses GAL4 in the dorsal compartment of the eye; CyO carries a GFP construct, G.H.","Jordan","B29650","None",
"G155","w[1118]; P{w[+mW.hs]=Switch1}bun[Switch1.32]","1;2","8527","None","8527","hAAT",
"G156","pUAS-corp","8C-2 on 3rd","None","None","None","None",
"G157","pUAS-XIK","8C-1/8C-1 on 2nd","None","None","None","None",
"G158","w[*]; P{w[+mC]=Ser-GAL4.GF}1 P{Ser-GAL4.GF}2","1;2","GAL4 expressed along future wing margin in dorsal compartment of wing imaginal discs, R.F. (Added 8/1/16)","None","6791","None",
"G159","y[1] w[*] P{y[+t7.7]=nos-phiC31\int.NLS}X / w[1118] ; P{y[+t7.7]=CaryIP}su(Hw)attP5-w[+]-UAS-rpr-gRNA-pCFD6 / Cyo","1;2","rpr gRNA from B2-1A, from Glycerol stock G565","Ben","None","P53 BS KO",
"G160","y[1] sc[*] v[1]; P{y[+t7.7] v[+t1.8]=TRiP.HMS00924}attP2","1,3","RNAi for cut","Lei","33967","cut",
"G161","y[1] w[*] P{y[+t7.7]=nos-phiC31\int.NLS}X / w[1118] ; P{y[+t7.7]=CaryIP}su(Hw)attP5-w[+]-UAS-rpr-gRNA-pCFD6 / Cyo","1;2","rpr gRNA from B2-1B, from Glycerol stock G565","Ben","None","P53 BS KO",
"G162","w[1118] ; P{y[+t7.7]=CaryIP}su(Hw)attP5-w[+]-UAS-rpr-gRNA-pCFD6 / Cyo","1;2","rpr gRNA from B5-9A, from Glycerol Stock G564. Identified a mutation in the stock and glycerol.","Ben","None","P53 BS KO",
"G163","y[1] w[*] P{y[+t7.7]=nos-phiC31int.NLS}X / w[1118] ; P{y[+t7.7]=CaryIP}su(Hw)attP6-w[+]-UAS-hid-gRNA-pCFD6 / Cyo","1;2","hid gRNA from V8, from Glycerol stock G566","ben","None","P53 BS KO",
"G164","y[1] sc[*] v[1]; P{y[+t7.7] v[+t1.8]=TRiP.HMS00704}attP2","1;3","Expresses dsRNA for RNAi of Su(var)3-9 (FBgn0263755) and eIF-2gamma (FBgn0263740) under UAS control, TRiP.  (Added 8/1/16)","None","32914","None",
"G165","w[1118] ; P{y[+t7.7]=CaryIP}su(Hw)attP6-w[+]-UAS-hid-gRNA-pCFD6 / Cyo","1;2","hid gRNA from V23. From Glycerol stock G566","Ben","None","P53 BS KO",
"G166","y[1] sc[*] v[1]; P{y[+t7.7] v[+t1.8]=TRiP.GL01471}attP40","1;3","Expresses dsRNA for RNAi of Su(var)3-9 and eIF-2gamma (FBgn0263755, FBgn0263740) under UAS control.  (Added 8/1/16)","None","43661","None",
"G167","UAS-rpr;;UAS-XIK(8C2)","homozygous","None","None","None","None",
"G168","y[1] sc[*] v[1]; P{y[+t7.7] v[+t1.8]=TRiP.HMS01328}attP2","1,3","RNAi for atg8","lei","34340","None",
"G169","w[1118] ; P{y[+t7.7]=CaryIP}su(Hw)attP6-w[+]-UAS-hid-gRNA-pCFD6 / Cyo","1;2","hid gRNA from V26. From Glycerol stock G566","Ben","None","P53 BS KO",
"G170","y[1] w[1118]; P{w[+mC]=UASp-mCherry-Atg8a}2; Dr[1]/TM3, Ser[1]","1,2,3","UAS-mCherry-atg8","lei","B37750","None",
"G171","y[1] w[*]; Tor[DeltaP] P{ry[+t7.2]=neoFRT}40A/CyO","Tor[deltaP]:FRT40A","None","None","B-7014","None",
"G172","UASrpr/X;;UAScorp/3rd","#5 homozygous","None","None","None","None",
"G173","UASrpr/X;;UAScorp (8C-2)/3rd","#6 homozygous","None","None","None","None",
"G174","UAShid:UAS-corp (1B1)/CyOwgLacZ","None","None","None","None","None",
"G175","GMR-Gal4/CyO; B39/Tm6CTbSb --1","2;3","Pedro's GMR-Gal4","Can","None","IRER function",
"G176","GMR-Gal4; B39/Tm6BTb","2;3","Ryoo's GMR-Gal4","Can","None","IRER function",
"G177","UAS-dMyc; B39/Tm6BTb","2;3","None","Can","None","IRER function",
"G178","UAS-hepACT/CyO; B39/Tm6CTbSb --1","2;3","GMR>hepact is lethal","Can","None","IRER function",
"G179","UAS-hepACT/CyO; B39/Tm6CTbSb --2","2;3","GMR>hepact is lethal","Can","None","IRER function",
"G180","UAS-hepACT/CyO; B39/Tm6Tb --3","2;3","GMR>hepact is lethal","Can","None","IRER function",
"G181","GUS-p53; B39/Tm6CTbSb--10","2;3","None","Can","None","IRER function",
"G182","y[1] w[*]; nub[2] b[1] sna[Sco] pr[1] cn[1]/CyO ","1;2","None","Adrian","3628","None",
"G183","GUS-p53/CyO; B39/Tm6CTbSb--8","2;3","None","Can","None","IRER function",
"G184","GUS-p53; B39/TM6CSbTb-5","2;3","None","Can","None","IRER function",
"G185","w[1118];P{w[+];UAS-dmyc}42/TM3, Sb","myc","None","None","None","None",
"G186","w[*] dlg1[14] P{w[+mW.hs]=FRT(w[hs])}101/FM7a; PBac{w[+mC]=PB}CG11583[c01124] P{ry[+t7.2]=neoFRT}80B/TM3, Sb[1] ","1;2;3","None","Adrian","36283","None",
"G187","D.pseudoobscura","for cross-genome comparison","None","None","14011-0121.94","None",
"G188","UAS-P35; UAS-hid:UAS-corp/Cyo,WglacZ","UAS-P35,hid &corp","None","None","None","None",
"G190","UAS-bsk-A.Y/CyO; B39/Tm6CSbTb","2;3","None","Can","None","IRER function",
"G191","UAS-bsk-B/CyO; B39/Tm6CSbTb","2;3","None","Can","None","IRER function",
"G192","w[1118];In(2LR)Gla,wg[Gla-1]/CyO,P{w[+mC]=GAL4-twi.G}2.2,P{UAS-2xEGFP}AH2.2","color balancer Cyo","None","None","B-6662","None",
"G193","y[1] w[*];wg[Sp-1]/Cyo; P{y[+t7.7] v[+t1.8]=TRiP.HMS01490}attP2","1;2;3","Generated from Vial 1. Has a GFP contruct in Cyo and seems to also have a white eye mutation recovery in the Cyo which makes the flies have red eyes","Adrian Acuna Higaki","None","None",
"G194","y[1] w[*]; P{w[+mC]=UAS-FLP1.D}JD1","1;2","FLP","None","4539","None",
"G195","Bac-IRER40kb[51D]/CyO; B39/Tm6BTb-3","2;3","None","Can","None","IRER function",
"G196","P{w[+mC]=UAS-FLP.Exel}1,y[11w[1118]","1","expresses FLP recombinase under the control of UAS","None","8208","None",
"G197","y[1] w[*];wg[Sp-1]/Cyo; P{y[+t7.7] v[+t1.8]=TRiP.HMS01490}attP2","1;2;3","Generated from Vial 5. Has a GFP contruct in Cyo and seems to also have a white eye mutation recovery in the Cyo which makes the flies have red eyes","Adrian Acuna Higaki","None","None",
"G198"," ey1X-Gal4, UAS-GFP/CyO-2","2","None","Can","None","IRER function",
"G199","y[1]w[67c23]; P{y[mDint2] w[BR,E.BR]=SUPor-P} KG007184 ry[506]","1;3","breakpts/insertion 75C6 (R4 flank); insertion close to reaper","None","14326","None",
"G201","SP/Cyo;X/TM6B (4-8)","2;3","CRISPR-Cas9 CUT_BS_KO","MGH/Harvard-Kristin White","None","CUT_BS_KO",
"G202","P{v[+t1.8]=hs-I-SreI.R}2A, v[1]; ry[506]","1;3","None","None","6936","None",
"G203","w[1118]; P{v[+t1.8]=hs-I-SreI.R}1A, v[1] Sb[1]/TM6","1;3","None","None","6937","None",
"G204","w[1118]; P{ry[+t7.2]=70FLP}10","1;2","None","None","6938","None",
"G206","y[1] w[*]; TM3, Sb[1]/TM6B, Tb[+],Dr","For mapping; balancer strain","replaced on 5/9/08 (Currently does not have correct phenotype 11/3/16)","None","3720","None",
"G207","w[*]; Kr[If-1]/CyO; D[1]/TM3, Ser[1]","For mapping; balancer strain","KrIf-1/+ flies have small rough eyes. D[1] Exhibits a dominant wing hinge phenotype.","None","7198","None",
"G208","SP/Cyo;X/TM6B (4-8)","2;3","CRISPR-Cas9 CUT_BS_KO","MGH/Harvard-Kristin White","None","CUT_BS_KO",
"G209","UAS-CD8:GFP; ey1x-Gal4/CyO; B39/Tm6BTb","1;2;3","None","Can","None","IRER function",
"G210","P{IRER-ubi-DsRed} #12","P{IRER-ubi-DsRed} located on the X chromosome; donnor strain","None","None","None","X3",
"G211","w[1118]; P{w[+mC]=Ubi-GFP(S65T)nls}3L P{ry[+t7.2]=neoFRT}80B/TM3, Sb[1]","1;3 Breakpts/Insertion: 80B (FRT)","GFP, FRT","None","None","None",
"G212","w[*];P{w[+mC]=UAS-Hasp\MJD.tr-Q78}c211.2","None","1;2","None","B8150","None",
"G213","w[*]; P{w[+mW.hs]=GAL4-prd.F}RG1/TM3, Sb[1]","1;3","paired Gal4, orderred 2014 Dec.","None","B1947","None",
"G214","w[1118]; P{w[+mC]=Ubi-GFP.nls}3L1 P{Ubi-GFP.nls}3L2 P{w[+mW.hs]=FRT(w[hs])}2A","1;3 Breakpts/Insertion: 79D-F","GFP, FRT","None","None","None",
"G215","SP/Cyo;X/TM6B (2-9)","2;3","CRISPR-Cas9 CUT_BS_KO","MGH/Harvard-Kristin White","None","CUT_BS_KO",
"G216","y[1] v[1]; P{y[+t7.7] v[+t1.8]=TRiP.GL01220}attP40","1;2","Expresses dsRNA for RNAi of p53 (FBgn0039044) under UAS control. May be segregating sc[*] and CyO, TRiP.","Jordan","B41638","None",
"G218","SP/Cyo;X/TM6B (2-9)","2;3","CRISPR-Cas9 CUT_BS_KO","MGH/Harvard-Kristin White","None","CUT_BS_KO",
"G219","y[1] sc[*] v[1]; P{y[+t7.7] v[+t1.8]=TRiP.HMS02286}attP2","1;3","Expresses dsRNA for RNAi of p53 (FBgn0039044) under UAS control. May be segregating TM3, Sb[1], TRiP.","Jordan","B41720","None",
"G220","w[*]; P{w[+mC]=eve.st3-GAL4.S}8","1:2","EveSt.3 -Gal4 orderred  Dec. 2014.","None","B6752","None",
"G221","y[1]w[1118]; P{w[+mC]=ey1x-GAL4.Exel}2","express GAL4 in the pattern of eyeless gene","1;2 iPCR indicates that the p-element insertion site is 2L:13780676 which may affect a gene called p38b (BL 2012-12-3)","None","B8228","None",
"G222","w[*]; P{w[+mC]=longGMR-GAL4}2","express GAL4 in the eye. Segregating CyO.","1;2","None","B8605","None",
"G223","ey1X-Gal4/CyO; X3","2;3","originally balanced with Tm6CSbTb, the T6 balancer gradually dissapearred due to the viability of X3/X3","Can","None","IRER function",
"G224","hsp70-flp;tub>dMyc>Gal4/CyO; B39/Tm6BTb-1","1;2;3","None","Can","None","IRER function",
"G225","hsp70-flp;tub>dMyc>Gal4/CyO; B39/Tm6BTb-2","1;2;3","None","Can","None","IRER function",
"G226","hsp70-flp;tub>dMyc>Gal4/CyO; B39/Tm6BTb-3","1;2;3","None","Can","None","IRER function",
"G227","hsp70-flp;tub>dMyc>Gal4/CyO; B39/Tm6BTb-4","1;2;3","None","Can","None","IRER function",
"G228","y[1] w[1118]; P{w[+mC]=ey3.5-GAL4.Exel}1","Expresses GAL4 in the pattern of the eyeless gene","2","None","B8221","None",
"G229","w[*]; P{w[+mC]=UAS-Hsap\MJD.tr-Q27}N18.3d","Expresses a HA-tagged C-terminal fragment of the human Machado-Joseph Disease/Spinocerebellar Ataxia 3 protein with a normal 27 repeat polyglutamine tract, N.B","1;31;31;31;31;31;31;31;31;31;31;31;31;31;31;31;31;31;31;31;31;31;31;31;31;31;31;31;31;31;31;31;3","None","B8149","None",
"G230","w[*]; P{w[+mC]=tubP-GAL80[ts]}10; TM2/TM6B, Tb[1]","1;2;3","Temperature-sensitive GAL80 expressed under the control of the alphaTub84B promoter, restrictive temp is 30oC, R.D.","None","B7108","None",
"G231","y[1] w[*]; P{w[+mC]=AyGAL4}25 P{w[+mC]=UAS-GFP.S65T}T2","1;2","Ubiquitous expression of GAL4 following removal of a y[+] cassette by FLP recombinase.","None","4411","None",
"G232","y[1] w[*] P{w[+mC]=GAL4-Act5C(FRT.CD2).P}D","1. Ubiquitous expression of GAL4 in FLP-generated clones .","used for mosaic analysis","None","4779","None",
"G233","SP/Cyo;X/TM2 (3-1)","2;3","CRISPR-Cas9 CUT_BS_KO","MGH/Harvard-Kristin White","None","CUT_BS_KO",
"G234","p{w+=UAS-hAAT[D6A]}#1","3","Express a mutated form of hAAT that does not have protease inhibitor activity","None","None","None",
"G235","Spi RNAi","RNAi 3922 for CG10334 CT29014,EP(2)2378,l(2)01068,l(2)37Fa,l(2)s3547","viable; inserted to 2nd chromosome","None","FBgn0002048,FBgn0003474, FBgn0005672, FBgn0010472, FBgn0010690","None",
"G236","dUTX_RNAi","RNAi 37663 for CG5640","lethal; inserted to 3rd chromosome","None","FBgn0032207","None",
"G237","w[1118]; P{w[+mC]=lexAop-Dmp38b}attP5:P{y[+t7.7] w[+mC]=GMR16E03-lexA}attP40/Cyo","1;2","LexA>LexAop-Dmp38b; Vial1","Jian","None","None",
"G238","dHDAC1","RNAi 46930 for CG7471","lethal; inserted to 3rd chromosome","None","VDRC","None",
"G239","sec61alpha RNAi","RNAi 42763 for CG9539","viable; inserted to 3rd chromosome","None","FBgn0019697,FBgn0026571,FBgn0031819,FBgn0047201","None",
"G240","w[1118]; P{w[+mC]=lexAop-Scrib-RNAi-Dmp38b}attP5:P{y[+t7.7] w[+mC]=GMR16E03-lexA}attP40/Cyo","1;2","LexA>LexAop-Scrib-RNAi-Dmp38b; Vial4","Jian","None","None",
"G241","dHDAC3,dmHDA402,DmHDAC3","RNAi 20814 for CG2128","viable; inserted to 2nd chromosome","None","FBgn0025825,FBgn0037331","None",
"G242","enhancer of zeste RNAi","RNAi 27645 for CG6502","viable; inserted to 1st chromosome","None","FBgn0000629,FBgn0004710","None",
"G243","w[1118]; P{y[+t7.7] w[+mC]=GMR16E03-lexA}attP40/Cyo; Df(IRER)/Tm3,Ser","1;2;3","LexA16E03/Cyo with Df(IRER)/Tm3, Ser (M019), PCR verified for IREF deletion","Jian","None","None",
"G244","Su(z)12 RNAi","RNAi 42422 for CG8013","sterile; inserted to 3rd chromosome","None","FBgn0020887,FBgn0025924,FBgn0036917","None",
"G245","Su(z)12 RNAi","RNAi 42423 for CG8013","viable; inserted to 3rd chromosome","None","FBgn0020887,FBgn0025924,FBgn0036917","None",
"G246","w[1118]; P{y[+t7.7] w[+mC]=GMR16F10-lexA}attP40/Cyo; Df(IRER)/Tm3,Ser","1;2;3","LexA16F10/Cyo with Df(IRER)/Tm3, Ser (M019), PCR verified for IREF deletion","Jian","None","None",
"G247","sec61 gama RNAi","RNAi 46474 for CG14214","lethal, inserted into 3rd chromosome","None","http://flybase.org/reports/FBgn0031049.html","None",
"G248","Sec61 gama RNAi","RNAi 11989 for CG14214","viable, inserted into 3rd chromosome","None","http://flybase.org/reports/FBgn0031049.html","None",
"G249","P{w[+mC]=lexAop-Scrib-RNAi}attP8;+/Cyo;D[1]/Tm3,Ser","1;2;3","LexAop-Scrib_RNAi with 2&3 Balancer, Not stable for 2nd Cyo","Jian","None","None",
"G250","caa55376 Suvar39 Dm","RNAi 39377 for CG6476 caa55376 Suvar39 Dm","sterile;inserted to 2nd chromosome","None","FBgn0003600","None",
"G251","caa55376 Suvar39 Dm","RNAi 39378 for CG6476 caa55376 Suvar39 Dm","viable; inserted to 3rd chromosome","None","FBgn0003600, FBgn0003624, FBgn0004560","None",
"G252","Dve RNAi","RNAi 3780 for CG5799 compass,defective proventroculus","viable; inserted to 2nd chromosome","None","FBgn0010496, FBgn0020307, FBgn0041142","None",
"G253","p{w+=UAS-hAAT[D6A]}#2","3","Express a mutated form of hAAT that does not have protease inhibitor activity","None","None","None",
"G254","P{w[+m*]=GAL4}A9, w[*]","1 Gal4 for wing disc","None","None","8761","None",
"G255","w[1118]; P{w[+mC]=lexAop-Dmp38b}attP5:P{y[+t7.7] w[+mC]=GMR16E03-lexA}attP40","1;2","Homozygous for G237 LexA>LexAop-Dmp38b","Jian","None","None",
"G256","w[1118] P{w[+mC]=UAS-bsk.DN}2","on 1","None","None","B-6409","None",
"G257","p{w+=UAS-hAAT[D6A]}#10","3","Express a mutated form of hAAT that does not have protease inhibitor activity","None","None","None",
"G258","UAS-MST2[WT 2-1]/CyO; Df(IRER)B39/T3Sb","2;3 recombine the MST with Df(IRER)","Df(IRER) verified 06-10-2016 by Ben & Aaron","Can","None","IRER function",
"G259","w[*]; P{w[+mC]=tubP-GAL80[ts]}10; TM2/TM6B, Tb[1]","on 1;2;3","TM2 with Ubx","None","B-7108","None",
"G260","w[*]; P{w[+mC]=UAS-bsk.B}2","on 1;2","None","None","B-9311","None",
"G261","P{w[+mC]=lexAop-Scrib-RNAi}attP8","1","ScribRNAi LexAop line, vial 5-1; Homozygous selected by segrating true red eyes; lexAop-Scrib-RNAi","Jian","None","Metastasis",
"G262","P{w[+mC]=lexAop-Scrib-RNAi}attP8","1","ScribRNAi LexAop line, vial 6-2; Homozygous selected by segrating true red eyes; lexAop-Scrib-RNAi","Jian","None","Metastasis",
"G263","w[1118]; P{w[+mC]=lexAop-Dmp38b}attP5/CyO","1;2","Dmp38b LexAop line, vial Z-3","Jian","None","Metastasis",
"G264","w[1118]; P{w[+mC]=lexAop-Dmp38b}attP5/CyO","1;2","Dmp38b LexAop line, vial Y-2","Jian","None","Metastasis",
"G265","P{w[+mW.hs]=GawB}elav[C155], P{ry[+t7.2]=hsFLP}1, w[*]; (cont in desc)","P{w[+mW.hs]=FRT(w[hs])}G13 P{w[+mC]=tubP-GAL80}LL2/CyO","on 1;2","None","B-5145","None",
"G266","y[1] w[*]; P{w[+mC]=UAS-Egfr.DN.B}29-77-1; P{w[+mC]=UAS-Egfr.DN.B}29-8-1","on 1;2;3","None","None","B-5364","None",
"G267","w[1118]; P{w[+mC]=lexAop-Scrib-RNAi-Dmp38b}attP5/CyO","1;2","Scrib-RNAi-Dmp38b LexAop line, 2nd Cyo balancer; vial A-7","Jian","None","Metastasis",
"G268","w[1118]; P{w[+mC]=lexAop-Scrib-RNAi-Dmp38b}attP5/CyO","1;2","Scrib-RNAi-Dmp38b LexAop line, 2nd Cyo balancer; vial B-4","Jian","None","Metastasis",
"G269","w[1118]; P{w[+mC]=lexAop-Scrib-RNAi-Dmp38b}attP5:P{y[+t7.7] w[+mC]=GMR16E03-lexA}attP40","1;2","Homozygous for G240","Jian","None","None",
"G270","w[*]; wg[Sp-1]/CyO; P{w[+mW.hs]=GAL4-dpp.blk1}40C.6/TM6B, Tb[1]","1;2;3","None","None","B1553","None",
"G271","w[1118]; P{w[+mC]=UAS-dm.Z}132","1;2","None","None","B9674","None",
"G272","w[*]; P{y[+t7.7] w[+mC]=GMR16E03-lexA}attP40/CyO; p53[5A-1-4]/Tm3, Ser","1;2;3","Combination of GMR-LexA (G291) with p53 KO (M211)","Jian","None","None",
"G273","Dsim\y[1] w[1]","1","D. simulans Genome Project stock","Lei","14021-0251.013","None",
"G274","Dsim\w[R]","1","D. simulans Genome Project stock","Lei","14021-0251.138","None",
"G275","y[1] w[*]; Pin[Yt]/CyO; P{w[+mC]=UAS-mCD8::GFP.L}LL6","1; 2; 3","None","None","5130","None",
"G276","P{w[+mC]=UAS-mCD8::GFP.L}LL4, y[1] w[*]; Pin[Yt]/CyO","1;2","None","None","5136","None",
"G277","ey1x-gal4:UAS-DsRed/Cyo  Vial B","2","Generated from vial B","Adrian Acuna","None","Metastasis/P53",
"G278","ey1x-gal4:UAS-DsRed/Cyo  Vial A","2","Generated from Vial A","Adrian Acuna","None","Metastasis/P53",
"G279","GMR-Gal4","2. a gift from Dr.Ryoo","has eye phenotype on its own?","None","None","None",
"G280","w;UAS-Rh-1(G69D)attB/CyO","uas-rh-1(G69D) was generated through phiC31 integrase system into 51D region of the 2nd chr, and still has RFP in the central nervous system but not in eye imaginal discs. A gift from Dr.Ryoo.","None","None","None","None",
"G281","w[1118]; P{w[+mC]=GUS-p53.259H}3.1","P construct carries both GMR and UAS sequences driving expression of dominant negative p53. Segregating TM6B","None","None","6582","None",
"G282","w[1118]; P{w[+mC]=GUS-p53}2.1","P construct carries both GMR and UAS driving expression of p53. Segregating Cy-marked balancer, K.C","None","None","6584","None",
"G283","P{ry[+t7.2]=hsFLP}12, y[1] w[*]; P{w[+mC]=UAS-GFP.S65T}Myo31DF[T2]; P{w[+mC]=Act5C(-FRT)GAL4.Switch.PR}3/TM6B, Tb[1]","1;2;3","9431 Inducible Gal4","None","9431","None",
"G284","LexAop-ScribRNAi; df(IRER)/Tm3, Ser","1;3","LaxAopScribRNAi with deficiency in IRER (M019), PCR verified for IREF deletion","Jian ","None","None",
"G285","y[1] w[67c23] P{y[+mDint2]=Crey}1b; noc[Sco]/CyO","1;2","Cre; The bloomington stock has no sco; re-introduced sco by Nianwei","None","B766","None",
"G286","UAS-MST2[WT 2-3]/CyO; B39/T3Sb","2;3 recombine the MST with Df(IRER)","Df(IRER) verified 06-10-2016 by Ben & Aaron","Can","None","IRER function",
"G287","w[*]; P{y[+t7.7] w[+mC]=GMR16F10-lexA}attP40/Cyo; p53[5A-1-4]/Tm3, Ser","1;2;3","Combination of GMR-LexA (G305) with p53 KO (M211)","Jian","None","None",
"G288","P{ry[+t7.2]=hsFLP}22, y[1] w[*]; P{w[+mC]=arm-lacZ.V}70C P{ry[+t7.2]=neoFRT}80B","1;3","Donor: Naoto Ito, Harvard University","Jian","B6341","None",
"G289","P{w[+mC]=lexAop-Scrib-RNAi}attP8; p53[5A-1-4]/Tm3, Ser","1;3","Combination of LexAop-Scirb_RNAi (G261) with p53 KO (M211)","Jian","None","None",
"G290","y[1] w[*]; wg[Sp-1]/CyO, P{Wee-P.ph0}Bacc[Wee-P20]; P{y[+t7.7] w[+mC]=13XLexAop2-6XmCherry-HA}attP2 ","1;2;3","None","None","None","Metastasis",
"G291","w[1118]; P{y[+t7.7] w[+mC]=GMR16E03-lexA}attP40","1;2","52505","None","None","Metastasis",
"G292","P{ry[+t7.2]=hsFLP}22, w[*]","1","None","None","B8862","None",
"G293","tub>y>yki;S168A","2","gift from DJ Pan","Can","None","None",
"G294","UAS-yki:/T3Sb","3","gift from DJ Pan","Can","None","None",
"G295","w;hpo42-47FRT42/CyO.ArmGFP","1;2","gift from DJ Pan","Can","None","None",
"G296","w[1118]; P{w[+mC]=GAL4-Hsp70.PB}2/CyO","1;2","Generated from G341","Jian","None","None",
"G297","UAS-Rh1G69D(attb)/CyO;FRT82B, dmekk1/tm6B","2;3","gift from Dr.Ryoo","Can","None","None",
"G298","GMR-Gal4(2)","2","gift from Dr.Ryoo","Can","None","None",
"G299","yw;UAS-Rh1G69D(attb)/CyO","1;2","gift from Dr.Ryoo","Can","None","None",
"G300","GMR-G4/CyO;dmekk1/TM6B","2;3","gift from Dr.Ryoo","Can","None","None",
"G301","RpS5a[2]/FM6; sna[Sco] AsnRS[4] pr[1]/CyO","1;2","1&2 double balancer","Jian","B438","None",
"G302","w[*]; P{w[+mC]=UAS-CycE.L}ML1","1;3","None","Can","B4781","None",
"G303","y[1] w[1118]; P{w[+mC]=UAS-Pi3K92E.Exel}2","1;2","Expresses wild type Pi3K92E under the control of UAS.","Can","B8286","None",
"G304","y[1] w[1118]; P{w[+mC]=UAS-Pi3K92E.A2860C}3","1;3","Expresses a dominant negative Pi3K92E under the control of UAS.","Can","B8289","None",
"G305","w[1118]; P{y[+t7.7] w[+mC]=GMR16F10-lexA}attP40","1;2","54261","None","None","Metastasis",
"G306","w[*]; P{w[+mC]=EP}nej[EP1179]","1 may be segregating FM7c, A.L.P.","express CBP under the control of UAS","Can","B30733","None",
"G307","ey-Gal4/CyO;IERE{ubi-DsRed}[X3]","2;3","recombined ey1x-Gal4 with IERE{ubi-DsRed}[X3]","Lei","None","None",
"G308","w[1118] P{y[+t7.7] w[+mC]=hs-FLPD5}attP3","1","19C4, X:20330574..20330574 (r6, Ti), Expresses FLP with aspartic acid at residue 5 upon heat shock.","Jian","B55815","None",
"G309","w[1118] P{y[+t7.7] w[+mC]=hs-FLPG5}attP3","1","19C4, X:20330574..20330574 (r6, Ti), Expresses FLP with glycine at residue 5 upon heat shock.","Jian","B55817","None",
"G310","UAS-iCasper3","3","from ucsf","None","None","None",
"G311","UAS-dNGB RNAi","2","None","Can","100270","None",
"G312","yw;UAS-dUTX/CyO","1;2","express drosophila H3K27me3 demethylase; a gift from Dr. Bergamnn","Can","None","None",
"G313","yw;UAS-dUTX. jmjc*/CyO","1;2","The UTX demethylase activity was abolished through mutagenesis; a gift from Dr. Bergamnn","Can","None","None",
"G314","EyGal4:UASDsRed/Cyo;D/Tm3Ser","2;3","Expresses DsRed on the eyes through UAS:Gal4 system. Has markers in the 3rd chromosome","Adrian Acuna","None","Metastatic P53 Project",
"G315","w[*]; P{w[+mW.hs]=GAL4-da.G32}2; P{w[+mW.hs]=GAL4-da.G32}UH1 ","1;2;3","55849","None","None","Corp",
"G316","w[*]; Kr[If-1]/CyO; D[1]/TM6B, Tb[+]","1;2;3","No tubby","Can","B7197","None",
"G317","w[*]; Kr[If-1]/CyO; D[1]/TM6C, Sb[1] Tb[1]","1;2;3","None","Can","B7199","None",
"G318","w[1118] P{y[+t7.7] w[+mC]=hs-FLPD5.fco}attP3","1","Expresses fly codon-optimized FLP with aspartic acid at residue 5 upon heat shock.","Jian","B55818","None",
"G319","w[1118]; P{y[+t7.7] w[+mC]=8XLexAop2-FLPL}attP40","1;2","Expresses FLP recombinase with G5D and F70L amino acid substitutions under LexAOp control, B.P.","Jian","B55820","None",
"G320","P{w[+mC]=UAS-mCD8::GFP.L}LL4, P{ry[+t7.2]=hsFLP}22, y[1] w[*]; Pin[1]/CyO","1;2","None","Can","B28832","None",
"G321","w[1118]; P{w[+mC]=Ubi-mRFP.nls}3L P{ry[+t7.2]=neoFRT}80B","1;3","None","Can","B30852","None",
"G322","w[*]; P{y[+t7.7] w[+mC]=CoinFLP-LexA::GAD.GAL4}attP40/CyO; Dr[1]/TM6C, Sb[1]","1;2;3","Overlapping FRT cassettes allow irreversible clonal choice between GAL4 or LexA expression upon FLP recombination. Homozygotes present, J.B.","Jian","B58753","None",
"G323","Ser-Gal4,UAS-MST2[117A2-5]/CyO","2","None","Can","None","IRER function",
"G324","Ser-Gal4,UAS-MST2[WT2-2]/CyO","2","None","Can","None","IRER function",
"G325","GMR-Gal4,UAS-MST2[WT2-2]/CyO","2","None","Can","None","IRER function",
"G326","GMR-Gal4,UAS-MST2[117A2-5]/CyO","2","None","Can","None","IRER function",
"G327","GMR-Gal4,UAS-MST2[WT2-3]/CyO","2","None","Can","None","IRER function",
"G328","GMR-Gal4,UAS-MST2[117A2-6]/CyO","2","None","Can","None","IRER function",
"G329","ey-Gal4,UAS-MST2[WT2-4]/CyO","2","None","Can","None","IRER function",
"G330","w[1118]; P{ry[+t7.2]=ey-FLP.N}5; P{ry[+t7.2]=neoFRT}80B","1;2;3","May be segregating CyO and/or TM6B, Tb[1].","?","B8214","None",
"G331","UAS-hNGB-3A/Cyo 5","None","None","Can/Michelle","None","IRER function",
"G332","UAS-hNGB-3A/Cyo 5-1","None","None","Can/Michelle","None","IRER function",
"G333","UAS-hNGB-3A/Cyo 6","None","None","Can/Michelle","None","IRER function",
"G334","attB{ubi-DsRed} 2-1","2","None","Can/Michelle","None","X3",
"G335","attB{ubi-DsRed} 5-1","2","None","Can/Michelle","None","X3",
"G336","w[*]; P{y[+t7.7] w[+mC]=lexAop-rCD2.RFP.lexAop-GFPi}attP2 ","1;3","56175","None","None","Metastasis",
"G337","w[*]; P{w[+mW.hs]=Switch2}GSG6710","1;3","59926","None","59926","hAAT",
"G338","y[1] w[*] P{y[+t7.7] w[+mC]=10XUAS-IVS-mCD8::RFP}attP18 P{y[+t7.7] w[+mC]=13XLexAop2-mCD8::GFP}su(Hw)attP8; P{y[+t7.7] w[+mC]=CoinFLP-LexA::GAD.GAL4}attP40","1;2","Overlapping FRT cassettes allow irreversible clonal choice between GAL4 or LexA expression upon FLP recombination. Expresses membrane-targeted RFP under UAS control. Expresses membrane-targeted RFP under LexAop control, J.B.","Jian","B58754","None",
"G339","w[1118]; Df(3L)ED225, P{w[+mW.Scer\FRT.hs3]=3'.RS5+3.3'}ED225/TM6C, cu[1] Sb[1]","1;3","Df ED 225","Can","B8081","None",
"G340","y[1] w[1118]; p53[5A-1-4]","1;3","3.3kb deletion in p53 gene.","Kiet","B6815","None",
"G341","w[*]; P{w[+mC]=GAL4-Hsp70.PB}2","1;2","heat shock inducible GAL4, N.P. May be segregating CyO, K.C.","Kiet","B2077","None",
"G342","y[1] w[*] P{w[+mC]=GAL4-Act5C(FRT.CD2).P}D","1","Ubiquitous expression of GAL4 in FLP-generated clones (used for mosaic analysis).","Kiet","B4779","None",
"G343","w[*]; P{y[+t7.7] w[+mC]=CoinFLP-LexA::GAD.GAL4}attP40 P{w[+mC]=lexAop-rCD2.RFP}2; P{w[+mC]=UAS-CD4-spGFP1-10}3, P{w[+mC]=lexAop-CD4-spGFP11}3/TM6C, Sb[1]","1;2","Overlapping FRT cassettes allow irreversible clonal choice between GAL4 or LexA expression upon FLP recombination. Expresses CD2-RFP under LexAop control. Expresses split GFP components under LexAop and UAS control. TM6C, Sb[1] may be present, J.B.","Jian","B58755","None",
"G344","w[1]; sna[Sco]/CyO, P{w[+mC]=GAL4-Hsp70.PB}TR1, P{w[+mC]=UAS-GFP.Y}TR1","1;2","GAL4, UAS, GFP; green balancer","Kiet","B5702","None",
"G345","y[1] w[1118]; p53[11-1B-1]","1;3","p53 nonsense mutation to stop codon","Jordan ","B6816","None",
"G346","w[*]; wg[Sp-1]/CyO; P{y[+t7.7] w[+mC]=CoinFLP-LexA::GAD.GAL4}attP2/TM6C, Sb[1] Tb[1]","1;2;3","Overlapping FRT cassettes allow irreversible clonal choice between GAL4 or LexA expression upon FLP recombination, J.B. Homozygotes present, K.C.","Jian","B59270","None",
"G347","w[1118]; Df(3L)ED224, P{w[+mW.Scer\FRT.hs3]=3'.RS5+3.3'}ED224/TM6C, cu[1] Sb[1]","1;3","Df ED 224","Can","B8080","None",
"G348","w[*] P{y[+t7.7] w[+mC]=CoinFLP-LexA::GAD.GAL4}attP3","1","Overlapping FRT cassettes allow irreversible clonal choice between GAL4 or LexA expression upon FLP recombination, J.B.","Jian","B59271","None",
"G349","w[1118]; P{y[+t7.7] w[+mC]=GMR16H11-lexA}attP40","1;2","61516","None","None","Metastasis",
"G350","y[1] v[1]; P{y[+t7.7] v[+t1.8]=TRiP.JF01716}attP2/TM3, Sb[1]","1;3","Expresses dsRNA for RNAi of spn-A (FBgn0003479) under UAS control, TRiP.","Kiet","B31199","None",
"G351","w[1118] P{y[+t7.7] w[+mC]=hs-FLPG5.PEST}attP3","1","Expresses FLPG5 (FLP with glycine at amino acid position 5) fused to PEST sequences under the control of UAS.","Jian","B62118","None",
"G352","w[*] P{w[+mC]=EP}S6kII[G1845] CG17600[G1845]","1","None","Kiet","B32601","None",
"G353","w[1118]; P{y[+t7.7] w[+mC]=3xUAS-IVS-FLPL}attP40","1;2","Expresses FLPL (FLP with aspartic acid at amino acid position 5 and leucine at position 70) under the control of UAS.","Jian","B62141","None",
"G354","y[1] w[1118]; P{w[+mC]=Act5C-lexA.DBD::QF2w.AD}5b/CyO","1;2","Expresses the lexA DNA-binding domain fused to the QF2w weaker activation domain under the control of the Act5C promoter.","Jian","B62567","None",
"G355","y[1] w[1118]; P{w[+mC]=UAS-Pten.dsRNA.Exel}2","1;2","Expresses a snapback transcript for RNAi of Pten under the control of UAS.","Can","B8549","None",
"G356","y[1] w[1118]; Pin[1]/CyO; P{w[+mC]=Act5C-lexA.DBD::QF2w.AD}8b","1;2;3","Expresses the lexA DNA-binding domain fused to the QF2w weaker activation domain under the control of the Act5C promoter. May be segregating TM6B, Tb[1].","Jian","B62568","None",
"G357","w[*]; P{w[+mC]=UAS-Hep.Act}2","1;2","Expresses a constitutively-active hep protein under UAS control, M.M. May be segregating CyO, K.C.","Can","B9306","None",
"G358","P{ry[+t7.2]=lArB}puc[A251.1F3] ry[506]/TM3, Sb[1]","3, insertion at 84E12--13, 3R:3931057..3948023 (R5 gene)","semilethal? not shown as lethal, but balancer present; paraquat resistant","Can","B11173","None",
"G359","y[1] P{y[+mDint2] w[BR.E.BR]=SUPor-P}CG9203[KG05829]","1, insertion at 13C5, X:15369101..15369101 (R5)","ry[506] may be segregating, B.D.G.P. May be segregating FM7c, K.C.","Can","B14125","None",
"G360","w[*]; P{w[+mC] y[+mDint2]=EPgy2}puc[EY09772]/TM6C","1;3","homozygous viable, but unhealthy; w[*] is either w[1118] or w[67c23], y[1] is segregating, K.M. 1/26/07","Can","B20627","None",
"G361","w[1118];w[+]-UAS-CR43280;+ (9A)","1;2","CR43280 Overexpression (Ben_IRER_LincR_Exp.1-4)","Ben","None","IRER_LincR",
"G362","y[1] v[1]; P{y[+t7.7] v[+t1.8]=TRiP.JF03229}attP2","1;3","Expresses dsRNA for RNAi of scrib (FBgn0261263) under UAS control, TRiP.","Can","B29552","None",
"G363","y[1] v[1]; P{y[+t7.7] v[+t1.8]=TRiP.HMS00044}attP2","1;3","Expresses dsRNA for RNAi of Pten (FBgn0026379) under UAS control, TRiP.","Can","B33643","None",
"G364","y[1] sc[*] v[1]; P{y[+t7.7] v[+t1.8]=TRiP.HMS01490}attP2","1;3","Expresses dsRNA for RNAi of scrib (FBgn0261263) under UAS control, TRiP.","Can","B35748","None",
"G365","pJFRC153-20XUAS-IVS-B2::PEST in attP2","3","from Rubin/Janelia Farm, pJFRC153","Kiet","None","None",
"G366","pJFRC154-3XUAS-IVS-B2::PEST in attP40","2","from Rubin/Janelia Farm, pJFRC154","Kiet","None","None",
"G367","pJFRC159-1XUAS-DSCP-B3::PEST in attP2","3","from Rubin/Janelia Farm, pJFRC159","Kiet","None","None",
"G368","w[1118];w[+]-UAS-CR43280;+ (9B)","1;2","CR43280 Overexpression (Ben_IRER_LincR_Exp.1-4)","Ben","None","IRER_LincR",
"G369","pJFRC158-3XUAS-IVS-B3::PEST/CyO in attP40","2","from Rubin/Janelia Farm, pJFRC158","Kiet","None","None",
"G370","w[1118];w[+]-UAS-CR43280;+ (12A)","1;2","CR43280 Overexpression (Ben_IRER_LincR_Exp.1-4)","Ben","None","IRER_LincR",
"G371","LoxP_Ubi-DsRed_P53BSrpr_LoxP/TM3Sb(8-3)","3","Construct was created by Ying. LoxP induced deletion should remove DsRed and P53BS. However, LoxP deletion of certain strains removed DsRed but not the P53BS. PCR evidence shows the genotype might not be as expected. Refer to "Ben_P53RE_KO_pg50-56".","Ben","None","P53BS_KO",
"G372","pJFRC162-3XUAS-IVS-KD::PEST in attP40","2","from Rubin/Janelia Farm, pJFRC162","Kiet","None","None",
"G373","pJFRC163-1XUAS-DSCP-KD::PEST in attP2","3","from Rubin/Janelia Farm, pJFRC163","Kiet","None","None",
"G374","LoxP_Ubi-DsRed_P53BSrpr_LoxP/TM3Sb(8-9)","3","Construct was created by Ying. LoxP induced deletion should remove DsRed and P53BS. However, LoxP deletion of certain strains removed DsRed but not the P53BS. PCR evidence shows the genotype might not be as expected. Refer to "Ben_P53RE_KO_pg50-56".","Ben","None","P53BS_KO",
"G375","pJFRC150-20XUAS-IVS-Flp1::PEST in attP2","3","from Rubin/Janelia Farm, pJFRC150","Kiet","None","None",
"G376","pJFRC177-10XUAS-FRT>-dSTOP-FRT>-myr::GFP in attP40","2","from Rubin/Janelia Farm, pJFRC177","Kiet","None","None",
"G377","w[1118]; P{w[+mC]=Hml-GAL4.G}6-4 P{w[+mC]=UAS-GFP::lacZ.nls}15.1 P{w[+mC]=UAS-GFP.S65T}Myo31DF[T2]","1;2","None","Kiet","B6397","None",
"G378","w[*]; P{w[+mW.hs]=GawB}5015","1;2","None","Kiet","B2721","None",
"G379","y[1] w[*]; P{w[+mC]=tubP-GAL80}LL9 P{ry[+t7.2]=neoFRT}80B","1;3 (Gal80 on 75E1)","None","Kiet","B5191","None",
"G380","P{w[+mC]=tubP-GAL80[ts]}Sxl[9], w[*]/FM7c","1","None","Kiet","B7016","None",
"G381","w[*]; sna[Sco]/CyO; P{w[+mC]=tubP-GAL80[ts]}7","1;2;3","None","Kiet","B7018","None",
"G382","w[1118]; P{w[+mC]=Hml-GAL4.Delta}2, P{w[+mC]=UAS-2xEGFP}AH2","1;2","None","Kiet","B30140","None",
"G383","w[1118];w[+]-UAS-CR43280;+ (12B)","1;2","CR43280 Overexpression (IRER_LincR_Ben_Exp.1-4)","Ben","None","IRER_LincR",
"G384","w[*]; P{GAL4E69}puc[GAL4E69]/TM3, Sb[1] Ser[1]","1;3","Expresses GAL4 in pattern of puckered gene expression. P{GawB} derivative in this stock does not express mini-white. May be segregating y[1], T. A.-Y.","?","B6762","None",
"G385","w[*]; P{w[+mW.hs]=Switch2}GSG10751/CyO","1;2","59939","None","59939","hAAT",
"G386","w[1118]; UAS-Bax/CyoGFP","1;2","a gift from Dr. Bernard Mignotte; murine bax; Cell Death and Differentiation (2000) 7, 804-814","Jian","None","None",
"G387","y[1] w[1118]; P{w[+mC]=Lsp2-GAL4.H}3","1;3","GAL4 expressed in third instar fat body, L.C.","Kiet","B6357","None",
"G388","y[1] sc[*] v[1]; P{y[+t7.7] v[+t1.8]=TRiP.HM05257}attP2","1;3","Expresses dsRNA for RNAi of Dif (FBgn0011274) under UAS control, TRiP.","Kiet","B30513","None",
"G389","w[*]; P{w[+mW.hs]=GawB}c591","1;2","Expresses GAL4 in digestive system, Malpighian tubules, trachea, fat body, salivary gland & dorsal head & antenna anlagen, K.C.","Kiet","B30843","None",
"G390","y[1] sc[*] v[1]; P{y[+t7.7] v[+t1.8]=TRiP.HMS00476}attP2/TM3, Sb[1]","1;3","Expresses dsRNA for RNAi of Ilp2 (FBgn0036046) under UAS control, TRiP.","Kiet","B32475","None",
"G391","y[1] sc[*] v[1]; P{y[+t7.7] v[+t1.8]=TRiP.HMS00070}attP2","1;3","Expresses dsRNA for RNAi of Rel (FBgn0014018) under UAS control, TRiP.","Kiet","B33661","None",
"G392","LoxP_Ubi-DsRed_P53BSrpr_LoxP/TM3Sb(7-1)","3","Construct was created by Ying. LoxP induced deletion should remove DsRed and P53BS. However, LoxP deletion of certain strains removed DsRed but not the P53BS. PCR evidence shows the genotype might not be as expected. Refer to "Ben_P53RE_KO_pg50-56".","Ben","None","P53BS_KO",
"G393","LoxP_Ubi-DsRed_P53BSrpr_LoxP/TM3Sb(â™€-1)","3","Construct was created by Ying. LoxP induced deletion should remove DsRed and P53BS. However, LoxP deletion of certain strains removed DsRed but not the P53BS. PCR evidence shows the genotype might not be as expected. Refer to "Ben_P53RE_KO_pg50-56".","Ben","None","P53BS_KO",
"G394","Dp(1;Y)B[S]; ru[1] st[1] e[1] spn-A[1] ca[1]/TM3, Sb[1]","Y;3","Rad51 mutant","Kiet","B3322","None",
"G395","w[1118]; P{w[+mC]=GMRinGS}11","1;2","Expresses Gene-Switch in eye for steroid-activated GAL4 activity, G.R. May be segregating CyO, G.R.","Kiet","B6758","None",
"G396","w[*]; P{ry[+t7.2]=neoFRT}82B tefu[atm-3] e[1]/TM6B, Tb[1]","1;3","May be segregating SM5, S.C.","Kiet","B8625","None",
"G397","[*]; P{ry[+t7.2]=neoFRT}82B tefu[atm-6] e[1]/TM6B, Tb[1]","1;3","May be segregating SM5, S.C.","Kiet","B8626","None",
"G398","y[1] v[1]; P{y[+t7.7] v[+t1.8]=TRiP.JF01445}attP2","1;3","Expresses dsRNA for RNAi of ras (FBgn0003204) under UAS control, TRiP.","Kiet","B31653","None",
"G399","y[1] sc[*] v[1]; P{y[+t7.7] v[+t1.8]=TRiP.GL00020}attP2/TM3, Sb[1]","1;3","Expresses dsRNA for RNAi of lok (FBgn0019686) under UAS control, TRiP","Kiet","B35152","None",
"G400","ey1x-Gal4:UAS-GFP.nls/Cyo","2","Homoz. Sterile, but not lethal. Should express GFP.nls in ey1x pattern.  generated from G307 and G120.","Denis","None","None",
"G401","w-, IRER 6.5kb TubGFP","1","IRER6.5kb{tub-GFP} on X-chr","Can/Denis","None","X3",
"M001","Df(3R)GB104, red[1]/TM3, Sb[1]Ser[1]","None","None","None","None","None",
"M002","W; Dr, X3 IRER{ubi-DsRed}/T3 Sb ftz:lacZ","DsRed inserted into IRER region","None","Lei","None","X3",
"M003","w;su(z)12[2] F2A/TM6C Sb Tb","Su(z)12 mutant","polycomb group mutant","None","None","None",
"M004","attB{BT1-ILB167bp} #11/Cyo","2","Test 294bp ILBc region (369,334-369,500) with in attB{BarrierTester1}. Injected into 9724 phC31 line.Cyo floating.","NianWei","None","None",
"M005","attB{BT1-NT1} #1/Cyo","2","The predicted Non-transposon region 1 in BT1 (chr2L:13646001..13649000). Injected into 9724 phC31 line.Cyo floating.","NianWei","None","None",
"M006","w;su(z)12[4] F2A/TM6C Sb Tb","None","None","None","None","None",
"M007","col1/Cyo-twist-lacZ","From Michelle - France","None","None","None","None",
"M008","w;su(z)12[5] F2A/TM6C Sb Tb","None","None","None","None","None",
"M009","Df(IRER)B11/T6","IRER deletion 18,365-399 deleted","isogenic avoid water","None","None","None",
"M010","FBE1-gypsy(350)-yp2-LacZ","2","Insertion line 3-2, from Pam Geyer","None","None","None",
"M011","Df(3L:(8365-399)A5/Tm6Tb","IRER deletion","isogenic avoid water; PCR verfied deletion on 2012.10.10, BL.","None","None","None",
"M012","Dp(365-387)k3/T6","IRER_left duplecation","isogenic avoid water","None","None","None",
"M013","Dp(365-387)k4/T6","IRER_left duplecation?","isogenic avoid water","None","None","None",
"M014","y[1] w[1118]; p53[5A-1-4]","1;3","Old M211 Stock ","Adrian","None","None",
"M015","attB{BT1-NT3} #4/Cyo","2","The predicted Non-transposon region 3 in BT1 (chr3L:15218001..15221000). Injected into 9724 phC31 line.Cyo floating.","NianWei","None","Barrier",
"M016","attB{BT1-Doc} #13/Cyo","2","The predicted transposon Doc in BT1 (chr2L:14468001..14471000). Injected into 9724 phC31 line.Cyo floating.","NianWei","None","Barrier",
"M017","Df(IRER):FRT80B [B39]/Tm3 Sb Ser GFP","3","Df(IRER) verified 06-10-2016 by Ben & Aaron ","Can","None","IRER function",
"M019","Df(IRER)B11/T3GFP","IRER deletion","Df(IRER) verified 06-10-2016 by Ben & Aaron; isogenic avoid water; PCR verfied deletion on 2012.10.10","None","None","None",
"M020","GMR-Gal4/CyO; ed225/TM3Ser","2;3","None","Can","None","IRER function",
"M021","Df(IRER_Left)L1/T3GFP","IRER_left Deletion","isogenic avoid water; PCR verfied deletion on 2012.10.10","None","None","None",
"M022","Df(IRER_left)L6/T6","IRER_left deletion","isogenic avoid water; PCR verfied deletion on 2012.10.10","None","None","None",
"M023","GMR-Gal4/CyO; ed225/TM6BTb","2;3","None","Can","None","IRER function",
"M024","X3, UAS-DIAP1/TM3Sb-2","3","None","Can","None","IRER function",
"M025","R1/TM6b,Tb","P{XP} insertion in front of rpr","None","None","None","None",
"M027","attB{BT1-wt(25bp)5} #5/Cyo","2","The synthetic SATB1 binding site (from Kohwi-Shigematsu) in BT1. Injected into 9724 phC31 line.Cyo floating.","NianWei","None","Barrier",
"M028","attB{BT1-ILB294bp_mut} #1/Cyo","2","The mutagenesis in AT-rich region. Injected into 9724 phC31 line.Cyo floating.","NianWei","None","Barrier",
"M029","X3, UAS-DIAP1/T3Sb-1","None","None","None","None","None",
"M030","X3, UAS-DIAP1/TM6CSbTb-1","3","None","Can","None","IRER function",
"M031","UAS-Ras v12, B39/TM6BTb-3","3","recombine the constitutively activated Ras with Df(IRER), FRT chr","Can","None","IRER function",
"M032","UAS-Ras v12, B39/TM6BTb-7","3","recombine the constitutively activated Ras with Df(IRER), FRT chr","Can","None","IRER function",
"M035","w, bsk [170B] FRT40/Cyo","bsk / FRT","None","None","None","None",
"M036","w; FRT G13 Djun[2] / Cyo","FRT ? Djun","None","None","None","None",
"M038","UAS-Ras v12, B39/TM3 Sb-15","3","recombine the constitutively activated Ras with Df(IRER), FRT chr","Can","None","IRER function",
"M039","R5","PBac{WH} insertion in front of rpr","None","None","None","None",
"M040","P{ry[+t7.2]=hsFLP}1, y[1] w[1118]; FRT80B,ubi-GFP/Tm3","heatshock FLP; 1;3 (generated from G80 and G211)","fro generating mosaic clones","Can/072808","None","IRER function",
"M041","w[1118]; UAS-scrib RNAi (HMS01490), Df{IRER}[B39]:FRT80B/TM6BTb-17","1;3","recombine the scrib RNAi (from G364) with Df(IRER), FRT chr","Can","None","IRER function",
"M042","w[1118]; UAS-scrib RNAi (HMS01490), Df{IRER}[B39]:FRT80B/TM6BTb-24","1;3","recombine the scrib RNAi (from G364) with Df(IRER), FRT chr","Can","None","IRER function",
"M043","UAS-lacZ/CyO; UAS-dicer2/TM6B","2;3","from Dr.Ryoo, is able to inhibit GMR>Rh1-induced ER stress in eye","Can","None","None",
"M044","Hdac[303]","Hdac1 mutant from Mottus's lab","Epigentics project","None","None","None",
"M045","w[1118]; UAS-scrib RNAi (HMS01490), Df{IRER}[B39]:FRT80B/TM6BTb-32","1;3","recombine the scrib RNAi (from G364) with Df(IRER), FRT80B chr","Can","None","IRER function",
"M046","w[1118]; UAS-scrib RNAi (JF03229), B39/TM6BTb-13","1;3","recombine the scrib RNAi (from G362) with Df(IRER), FRT chr","Can","None","IRER function",
"M047","yw;UAS-Rh-1[G69D]/CyO","None","from Dr.Ryoo","Can","None","None",
"M048","bsk[170B],FRT40,UAS-Rh-1[G69D]/CyO","2","from Dr.Ryoo, JNK mutant","Can","None","None",
"M049","Hdac[328]","Hdac1 mutant from Mottus's lab","Epigentics project","None","None","None",
"M052","UAS-cdk5-IR/CyO; UAS-dicer2/TM6B","2;3","from Dr.Ryoo, is able to inhibit GMR>Rh1-induced ER stress in eye","Can","None","None",
"M053","EY 60A","Corp excision mutant","None","None","None","None",
"M054","R8/TM6 ryRK Tb","Hdac1 mutant from Mottus's lab","Epigentics project","None","None","None",
"M055","EY 1A","possible Corp mutant","None","None","None","None",
"M056","EY 19A","Corp mutant","short life span","None","None","None",
"M057","EY 60A","Corp mutant","None","None","None","None",
"M058","EY 50B","corp Precise Excision","revertant","None","None","None",
"M060","Su(Z)12[3]/TM3 GFP Ser","Su(z)12 mutant","Epigentics project","None","None","None",
"M061","EY 80B","Corp mutant","None","None","None","None",
"M062","EY 55A","Corp mutant","None","None","None","None",
"M063","XR38/TM6B,Tb,Hu","rpr deletion mutant","SN8088","None","None","None",
"M065","DF(IRER_right)Y7/TM6Tb","IRER_right deletion","387-399","None","None","None",
"M066","Y23/TM6 Tb","IRER_right deletion","387-399","None","None","None",
"M067","Y7/TM3 ubiGFP Ser Sb","IRER_right deletion","387-399","None","None","None",
"M068","EY 10B","Corp mutant","None","None","None","None",
"M070","UAS-yki/CyO; B39/T3Ser #5","2;3","None","Can","None","IRER function",
"M071","EY1A/FM7ftzLacZ","EY1A color balanced","corp mutant","None","None","None",
"M073","w[1118]; UAS-scrib RNAi (JF03229), B39/TM6BTb-30","1;3","recombine the scrib RNAi (from G362) with Df(IRER), FRT chr","Can","None","IRER function",
"M074","Y23/TM3 ubi-GFP Ser Sb","epegentic mutant","387-399","None","None","None",
"M075","HDAC[303]/TM3 ubi-GFP Ser","Hdac1 mutant balanced w/GFP","None","None","None","None",
"M076","UAS-yki/CyO; B39/T3Ser #3","2;3","Hdac1[303]","Can","None","IRER function",
"M077","GMR-Gal4/CyO; B39/T3Ser #5","2;3","None","Can","None","IRER function",
"M078","GMR-Gal4/CyO; B39/T3Ser #6","2;3","None","Can","None","IRER function",
"M079","red[1 ] l(3)CP190[1] e[1]/TM6 Tb, e[1]","3","CP190 mutant, from Will Whitfield lab.","Lei","None","None",
"M080","red[1] l(3)CP190[2] e[1]/TM6 Tb, e[1]","3","CP190 mutant, from Will Whitfield lab.","Lei","None","None",
"M081","HDAC[326]/TM3 ubi-GFP Ser","Hdac1 mutant balanced w/GFP","None","None","None","None",
"M082","Df(3)P280[NR27] e[1]/TM3 red* Ser[1] e[1]","3","CP190 mutant, from Will Whitfield lab.","Lei","None","None",
"M083","w[1118];GMR16E03-LexA,LexAoP-P38b/Cyo","1;2","LexA>LexAop-Dmp38b; Vial2","Jian","None","None",
"M084","IRER 6.5kb-tub-GFP","1","the donor strain for homologous recombination of tub-GFP into IRER","Can","None","X3",
"M085","328/TM3 ubi-GFP Ser","Hdac1 mutant balanced w/GFP","None","None","None","None",
"M086","X38/TM3 ubi-GFP Ser","rpr deletion mutant balance w/GFP","None","None","None","None",
"M087","w[1118];GMR16E03-LexA,LexAoP-ScribRNAi-P38b/Cyo","1;2","LexA>LexAop-Scrib-RNAi-Dmp38b; Vial 6","Jian","None","None",
"M088","Ser-Gal4, UAS-GFP/CyO-1","2","May be contaminated. Dissection of wing discs showed no GFP fluorescence 10-2016 Ben","Can","None","IRER function",
"M090","Ser-Gal4, UAS-GFP; B39/TM6BTb","2;3","may be segragated with CyO","Can","None","IRER function",
"M092","pCfhL+Fab-7 (117.3.B)","3","Enhancer-blocking reporter with 1.2kb Fab-7 insulator (from Paul Schedl).","Lei","None","None",
"M094","mei41[D5]/Basc; cn[1]bw[1]","None","None","None","None","None",
"M095","E2F[91]/TsTL","None","None","None","None","None",
"M096","cn[1] P{ry[+t7.2]=PZ}dve[01738]/cyo ubi:GFP","dve mutant balanced with ubi:GFP","Re-balanced with Cyo,ubi:GFP by Nianwei","None","None","None",
"M097","P{ry[+t.2]=PZ}grp[06034] cn[1]/CyO;ry[506]","None","grap /JNK pathway","None","B-12219","None",
"M099","y[1]w[67c23];P{w[+mc]y[+mDint2]=EPgy2}CTCF[EY15833]","P insertion close to CTCF","None","None","None","None",
"M100","P{w[+mC]=UAS-hep.CA}/CyO","2","a gift from Dr. Adachi-Yamada","Can","None","IRER function",
"M101","y[1] w[1118]; P{w[+mC]=UAS-hep.CA}4","1;3","None","Can","B6406","None",
"M102","EY1A/FM7 acti-GFP","corp mutant balanced w/GFP","None","None","B5551","None",
"M103","w[*]; hid3 dsRNA / CyO","2","Expresses dsRNA for RNAi of hid under UAS control, one of two strains (other is hid6)","Jordan","None","None",
"M104","w[*]; hid6 dsRNA / CyO","2","Expresses dsRNA for RNAi of hid under UAS control, one of two strains (other is hid3)","Jordan","None","None",
"M105","Su(Z)12[2]/TM3 GFP Ser","Su(Z)12[2] balance w/GFP","None","None","None","None",
"M106","w[*]; rpr2 dsRNA","2","Expresses dsRNA for RNAi of rpr under UAS control","Jordan","None","None",
"M107","UAS-MST2[WT 3-1]/Tm3 Sb","3, clone the MST2-WT into pUAST vector, may be segregated by T3Sb. Originally assign as 16-1","None","Can","None","IRER function",
"M108","UAS-MST2[WT 2-1]/CyO","2, clone the MST2-WT into pUAST vector. Originally assign as 16-4","None","Can","None","IRER function",
"M109","w[*]; rpr3 dsRNA","2","Expresses dsRNA for RNAi of rpr under UAS control","None","None","None",
"M110","UAS-MST2[WT 3-2]/Tm3 Sb","3, clone the MST2-WT into pUAST vector. Originally assign as 55-9","None","Can","None","IRER function",
"M111","y[1] sc[*] v[1]; P{y[+t7.7] v[+t1.8]=TRiP.HMS00183}attP2 ","1;3","Expresses dsRNA for RNAi of Myd88 (FBgn0033402) under UAS control, TriP.","Feng","B36107","None",
"M112","EY1A","Corp excision mutant","None","None","None","None",
"M113","S1Z[1] w[is]; E(Z) S[4e]/TM3 GFP Ser","M187 balance w/GFP","None","None","None","None",
"M114","EY60A","Corp excision mutant","None","None","None","None",
"M115","EY50B","Corp precise excision","positive control","None","None","None",
"M116","y[1] sc[*] v[1]; P{y[+t7.7] v[+t1.8]=TRiP.HMS00253}attP2/TM3, Sb[1] ","1;3","Expresses dsRNA for RNAi of imd (FBgn0013983) under UAS control, TriP","Feng","B38933","None",
"M117","y[1] v[1]; P{y[+t7.7] v[+t1.8]=TRiP.GL01283}attP2 ","1;3","Expresses dsRNA for RNAi of CG7194 (FBgn0035868) under UAS control, TriP","Feng","B41855","None",
"M118","  w[1118]; P{w[+mC]=eater-GAL4.K}3-2","1;3","Expresses GAL4 in pro-hemocytes in the larval lymph gland and in larval and adult hemocytes, under the control of eater, C.K.","Jian","B36322","None",
"M119","p{ry[+t7.2]=PZ}Rpd3[04556]ry[506]/TM3,ry[RK]SB[1]Ser[1]","HDAC1 mutant","Histone deacetylase mutant","None","B-11633","None",
"M120","w[1118]; P{w[+mC]=eater-GAL4.K}3-1","1;2","Expresses GAL4 in pro-hemocytes in the larval lymph gland and in larval and adult hemocytes, under the control of eater, C.K.","Jian","B36321","None",
"M121","y[1] sc[*] v[1]; P{y[+t7.7] v[+t1.8]=TRiP.HMS00605}attP2","1;3","Expresses dsRNA for RNAi of RhoL (FBgn0014380) under UAS control. May be segregating TM3, Sb[1], TRiP.","Jian","B33723","None",
"M122","y[1] v[1]; P{y[+t7.7] v[+t1.8]=TRiP.HMS01997}attP40","1;2","Expresses dsRNA for RNAi of crq (FBgn0015924) under UAS control. May be segregating CyO, TRiP.","Jian","B40831","None",
"M123","y[1] v[1]; P{y[+t7.7] v[+t1.8]=TRiP.JF01884}attP2","1;3","Expresses dsRNA for RNAi of eater (FBgn0243514) under UAS control, TRiP.","Jian","B25863","None",
"M124","YP1-GAL4/Cyo","None","Express GAL4 in fat body (from Neal Silverman)","Feng","None","None",
"M125","UAS-MST2[117A 3-6]/T3 Sb","3, clone the MST2-117A into pUAST vector. Originally assign as 28-2","None","Can","None","IRER function",
"M126","UAS-MST2[WT 2-2]/CyO","2, clone the MST2-WT into pUAST vector. Originally assign as 62-1","None","Can","None","IRER function",
"M127","UAS-MST2[WT 2-4]/CyO","2, clone the MST2-WT into pUAST vector. Originally assign as 50-3","homozygous lethal","Can","None","IRER function",
"M128","UAS-MST2[WT 2-3]/CyO","2, clone the MST2-WT into pUAST vector. Originally assign as 50-1","None","Can","None","IRER function",
"M129","w; dronc324 FRT80/TM3 Sb","dronc mutant","None","None","X301","None",
"M130","w; dronc329 FRT80/TM3 Sb","dronc mutant","None","None","X302","None",
"M131","P{w[+mC]=tub P-GAL80[ts]}SXL[9],w[*]/FM7c","None","None","None","None","None",
"M132","y[1] v[1]; P{y[+t7.7] v[+t1.8]=TRiP.JF01793}attP2","1;3","Expresses dsRNA for RNAi of nimC1 (FBgn0028545) under UAS control, TRiP.","Jian","B25787","None",
"M133","ln(1)w[m4]; Su(var)3-9[1]/TM3 Sb ftz lacZ","Su(var)3-9[1] balanced with lacZ","Histone methy transferase mutation","None","None","None",
"M134","Su(var)3-9[1]/TM3 Act GFP Ser[1]","Su(var)3-9[1] balanced with GFP","Histone methy transferase mutation","None","None","None",
"M135","Su(var)3-9[2]/TM3 Sb ftz lacZ (M117/G53)","Su(var)3-9[2] balanced with lacZ","Histone methy transferase mutation; a w[inverted] on X-chromosome","None","None","None",
"M136","y[1] sc[*] v[1]; P{y[+t7.7] v[+t1.8]=TRiP.HMS01958}attP40","1;2","Expresses dsRNA for RNAi of Pvf1 (FBgn0030964) under UAS control. May be segregating CyO, TRiP.","Jian","B39038","None",
"M137","y[1] sc[*] v[1]; P{y[+t7.7] v[+t1.8]=TRiP.HMS01258}attP2","1;3","Expresses dsRNA for RNAi of Rac1 (FBgn0010333) under UAS control, TRiP.","Jian","B34910","None",
"M138","w[1118];Df(2L)Exel6032, P{w[+mc]=XP-U}Exel6032/Cyo Ubi GFP PAD1 (M118/G75)","deletion cover dnmt2","None","None","None","None",
"M141","w[*]; P{w[+mC]=tubP-GAL80[ts]}10; TM2/TM6B, Tb[1] ","1;2;3","Temperature-sensitive GAL80 expressed under the control of the alphaTub84B promoter, restrictive temp is 30oC, R.D.","Feng","B7108","None",
"M142","y[1] v[1]; P{y[+t7.7] v[+t1.8]=TRiP.JF01138}attP2 ","1;3","Expresses dsRNA for RNAi of CG1667 (FBgn0033453) under UAS control, TriP.","Feng","B31565","None",
"M143","UAS-MDM2; y[1] M{vas-int.Dm}ZH-2A w[*]; PBac{y[+]-attP-3B}","3","clone the MDM2C464A  into pJFRC-MUH vector","YING","None","None",
"M144","Corp-/- , P53 -/-"," ","From M120 and M211","ying","None","None",
"M147","T(2;3)Psc[1.d20],cn[1]Psc[1.d20] bw[1]/EGFP Cyo","None","None","None","None","None",
"M148","HsGal4;Mdm2 (2-2)","None","None","None","None","None",
"M149","HsGal4; Mdm2(3-4)","None","None","ying","None","None",
"M153","UAS-MST2[WT 3-4]/T3 Sb","3, clone the MST2-WT into pUAST vector. Originally assign as 34-1","homozygous lethal","Can","None","IRER function",
"M154","w[*]; HsGAL4/CyO; UAS-Corp/Tm3, Ser","1;2;3","Generated from heat shock Gal4 (G341) with UAS-Corp (G006)","Jian","None","None",
"M155","Jumped R2-JR22-5","XP inserted in a silenced, repeated region","None","None","JR fly Data","Jumping",
"M156","w[*]; HsGAL4; UAS-Corp","1;2;3","Homozygous for hsGAL4>UAS-Corp (M154)","Jian","None","None",
"M157","P{GawB}NP4003","inserted in USF","X","None","104565","None",
"M158","UAS-MST2[WT 3-3]/T3Sb","3, clone the MST2-WT into pUAST vector. Originally assign as 23-1","homozgyous lethal","Can","None","IRER function",
"M159","UAS-MST2 [WT 1-1]/FM7.B","X-chr. Originally assign as 16-6","None","Can","None","IRER function",
"M160","K4/GFP TM3 Ser","None","None","None","None","None",
"M161","PC3/ TM3 GFP Ser","None","None","None","None","None",
"M163","Jumped R2-JR11-1","XP is re-inserted in 3R:5958762","None","Can","JR fly Data","Jumping",
"M164","Jumped R2-JR13-2","XP is re-inserted in 3R:8193775","None","Can","JR fly Data","Jumping",
"M165","Jumped R2-JR20-3","XP is re-inserted in 3L:732874","None","Can","JR fly Data","Jumping",
"M166","Jumped R2-JR44-1","XP is re-inserted in 3L:18,367,572","None","Can","JR fly Data","Jumping",
"M167","Jumped R2-JR34-5","None","homozygous lethal","Can","JR fly Data","Jumping",
"M168","Jumped R2-JR39-2","None","None","Can","JR fly Data","Jumping",
"M169","Jumped R2-JR49-4","None","None","Can","JR fly Data","Jumping",
"M170","Jumped R2-JR49-6","None","None","Can","JR fly Data","Jumping",
"M172","Jumped R2-JR13-1","None","None","Can","JR fly Data","Jumping",
"M173","Jumped R2-JR13-4","None","None","Can","JR fly Data","Jumping",
"M174","Jumped R2-JR15-5","None","None","Can","JR fly Data","Jumping",
"M175","Jumped R2-JR19-3","None","None","Can","JR fly Data","Jumping",
"M176","Jumped R2-JR35-1","None","None","Can","JR fly Data","Jumping",
"M177","Jumped R2-JR50-4","None","homozygous lethal","Can","JR fly Data","Jumping",
"M178","Jumped R2-JR59-3","None","None","Can","JR fly Data","Jumping",
"M179","Jumped R2-JR30-Red","drak red eye","None","Can","JR fly Data","Jumping",
"M180","Jumped R2-JR40-Red","drak red eye","None","Can","JR fly Data","Jumping",
"M181","Jumped R2-JR96-2Red","dark red eye","None","Can","JR fly Data","Jumping",
"M182","dp(366-398)A9/Tb","IRER duplication red eye","None","None","None","None",
"M183","dp(366-398)A10/Tb","IRER duplication","None","None","None","None",
"M184","dp(366-398)A13/Tb","IRER duplication","None","None","None","None",
"M185","y[1] w[67c23]; P{w[+mC]=lacW}l(2)k05812[k05812]/Cyo EGFP","piwi insertion balanced w/egfp","None","None","None","None",
"M186","w;dUTX[1] FRT40A/Cyo, ubi:GFP","H3K27 demethylase","Re-balanced with Cyo,ubi:GFP by Nianwei (contaminated)","None","None","None",
"M187","w;dUTX[2] FRT40A/Cyo, ubi:GFP","H3K27 demethylase","Re-balanced with Cyo,ubi:GFP by Nianwei (contaminated)","None","None","None",
"M188","UAS-E4-ORF-1","3","pJFRC-MUH-E4-ORF3 (human)","Ying","None","None",
"M189","UAS-E4-ORF3-2","3","pJFRC-MUH-E4-ORF3(human)","Ying","None","None",
"M190","cut-3xHA (fly ORF)","None","Gift from Kristin","Ying","None","None",
"M191","R2/TM6b, Tb","P{XP} insertion in front of rpr","None","None","None","None",
"M193","w,FRT80B,B39-Df(IRER) / TM3, Sb[1]","used for generating mosaic clones","FRT,w is from G218; Df(IRER) is from B11; Tm3 is from G149; PCR verfied deletion on 2012.10.10 BL.","Can/051408-082108","None","IRER function",
"M194","w,FRT80B,B39-Df(IRER) / TM6B, Tb[1]","used for generating mosaic clones","same as G200, balance with Tm6 coming from G149","Can/051408-082108","None","IRER function",
"M195","w,L110-Df(IRER-left)FRT80B / TM3, Sb[1]","used for generating mosaic clones","FRT,w is from G218; Df(IRER-left) is from L1; Tm3 is from G149","Can/051408-082108","None","IRER function",
"M196","w,L110-Df(IRER-left)FRT80B / TM6, Tb[1]","used for generating mosaic clones","same as G202, balance with Tm6 coming from G149","Can/051408-082108","None","IRER function",
"M197","w,FRT80B,B113-Df(IRER) / TM3, Sb[1]","Df(IRER) recombined with FRT80B","None","Can/051408-082108","None","IRER function",
"M198","w,FRT80B,B113-Df(IRER) / TM3, Sb[1]","Df(IRER) recombined with FRT80B","None","Can/051408-082108","None","IRER function",
"M200","UAS-UPD/Cyo","2","get from ??'s lab; lable GSC.","None","None","None",
"M201","y[1] w[67c23]; P{w[+mC]=lacW}dve[k06515]/Cyo ubi:GFP","dve mutant balanced with ubi:GFP","None","None","None","None",
"M202","P{w[+mC]=XP}XPG-L, w[1118]/Binsinscy","1","The non-balancer X chromosome and autosomes are coisogenic with the Exelixis insertion stocks, K.C","Ying","B7755","None",
"M203","sec61gamma II(1)/cyo","UAS:sec61gamma transgenic fly strain","inserted into 2nd chromosome, lethal","None","None","None",
"M204","FM7j (sc8   w1   y93j  )","1","2nd and 3rd chromosomes isogenic with stock 5905, J. Roote 10/01","Ying","B6418","None",
"M205","sec61gamma III(1)","UAS:sec61gamma transgenic fly strain","inserted into 3nd chromosome, viable","None","None","None",
"M206","FM7i, P{w[+mC]=ActGFP}JMR3/C(1)DX, y[1] f[1]","1","GFP; green balancer; see http://ibmc.u-strasbg.fr/upr9022/GreenBalancers.html for ref and pics of expression pattern, K.M. 7/31/98","Jian","B4559","None",
"M207","tr-Q78/Cyo; sec61 gamma III(1)/Tb","degeneration function test strain with Q-78","None","None","None","None",
"M208","tr-Q78; sec61 gamma III(2)/TM3","degeneration function test strain with Q-78","None","None","None","None",
"M209","UTX[1]/twist:lacZ Cyo","H3K27 methylase balance w/twi:lacZ","From Andreas","None","None","None",
"M210","UTX[2]/twist:lacZ Cyo","H3K27 methylase balance w/twi:lacZ","From Andreas","None","None","None",
"M211","y[1] w[1118]; p53[5A-1-4]","1;3","3.3kb deletion in p53 gene.","None","B-6815","None",
"M212","P{w[+mC]=GAL4::VP16-nos.UTR}MVD2, w[1118]","1","Provides strong maternal expression of GAL4, T.K.","Jian","B7303","None",
"M213","w[1118] Lig4[5]","1","None","None","B8519","None",
"M214","w[1118] PBac{w[+mC]=WH}XRCC1[f03685]","1","None","None","B-18682","None",
"M215","UTX[1] FRT40A/Cyo ftz:lacZ","H3K27 methylase balance w/ftz:lacZ","From Andreas","None","None","None",
"M216","UTX[2] FRT40A/Cyo ftz:lacZ","H3K27 methylase balance w/ftz:lacZ","From Andreas","None","None","None",
"M217","JR44-1/T3 GFP","None","None","None","None","None",
"M218","BEAF(AB-KO)/Cyo GFP","BEAF(AB-KO)/BEAF(AB-KO) adults have straight wings, and the femailes are nearly sterile","None","None","None","None",
"M219","P{ry[+t7.2]=hsFLP}1, y[1] w[1118]; P{y[+t7.7] w[+mC]=UAS-Cas9.P}attP2 P{w[+mC]=GAL4::VP16-nos.UTR}CG6325[MVD1]","1;3","Expresses Cas9 protein under UAS control. Expresses GAL4 during oogenesis, F.P. The identities of the nos-GAL4 and hsFLP insertions are guesses, K.C.","Jian","B54593","None",
"M220","P{ry[+t7.2]=hsFLP}1, y[1] w[1118]; P{y[+t7.7] w[+mC]=UAS-Cas9.P}attP40","1;2","Expresses Cas9 protein under UAS control, F.P. May be segregating a Cy[1]-marked balancer. The identity of the hsFLP insertion is a guess, K.C.","Jian","B54594","None",
"M221","M{3xP3-RFP.IRER-40kb-eGFP}51D-28red/Cyo","2","IRER-40kb is integrated into 51D","Can/121408","None","Bac-reporter",
"M222","w[1118]; P{y[+t7.7] w[+mC]=UAS-Cas9.D10A}attP2","1;3","Expresses Cas9 protein with a D10A amino acid substitution and nuclear localization sequences under UAS control to produce single-stranded nicks. May be segregating y[1], H.-M.C.","Jian","B54596","None",
"M223","w[*]; P{w[+mC]=GAL4-nos.NGT}40/CyO; P{w[+mC]=UAS-3xFLAG.dCas9.VPR}attP2","1;2;3","Expresses nuclease-dead Cas9 (dCas9) fused to a chimeric activator (composed of the VP64, p65, and Rta domains), under the control of MTD-Gal4. May be segregating CyO and TM6B, Tb[1].","Jian","B67052","None",
"M224","FRT42 dve186/Cyo,ubi:GFP","dve186 null mutation with a deletion that takes out a few more genes.","dve186 balanced with Cyo,ubi:GFP by Nianwei","None","None","None",
"M225","SLIT 1.0 lacZ B;Sco/Cyo wg-lacZ","on X, viable","Generated from G141 by Nianwei, has wg-lacZ associated with Cyo","None","None","None",
"M226","w[*]; P{w[+mC]=GAL4-nos.NGT}40; P{y[+t7.7] w[+mC]=UAS-Cas9.P2}attP2","1;2;3","Expresses human codon-optimized Cas9 under the control of MTD-Gal4. May be segregating CyO and TM6B, Tb[1].","Jian","B67083","None",
"M227","w[*]; l(2)*[*]/CyO; D[1]/TM6B, Tb[+]","1;2;3","originally Kr[If-1], lethal may be associated with reversion of Kr[If-1], K.C. 10/07/2011; 2nd and 3rd double balancers","Jian","B7197","None",
"M228","Trl[62]/TM6","3","Trl/dGAF mutant requested from Dr. FranÃ§ois Karch by Nianwei","None","None","None",
"M229","w[*]; Kr[If-1]/CyO; D[1]/TM3, Ser[1]","1;2;3","2nd and 3rd double balancers","Jian","B7198","None",
"M230","UAS-MST2[117A 2-5]","2, clone the MST2-117A into pUAST vector, may be segregated by CyO. Originally assign as 31-3","None","Can","None","IRER function",
"M231","w[1118];P{w[mC]=UAS-DsRedE5:loxP-Sv40pA-loxP}/TM3, Sb[1] Ser[1]","1;3","trangenic generated from G403 construct, balanced by G149","None","None","None",
"M232","GMR-Gal4,UAS-Rh-1(G69D)attB/CyO","uas-rh-1(G69D) was generated through phiC31 integrase system into 51D region of the 2nd chr, and still has RFP in the central nervous system but not in eye imaginal discs. A gift from Dr.Ryoo, for inducing ER stress","cannot survive to adulthood in 25 degree,do survive below 22 C, withincreasing survival rate as the temperature goes downcannot survive to adulthood in 25 degree,do survive below 22 C, withincreasing survival rate as the temperature goes downcannot survive to adulthood in 25 degree,do survive below 22 C, withincreasing survival rate as the temperature goes downcannot survive to adulthood in 25 degree,do survive below 22 C, withincreasing survival rate as the temperature goes downcannot survive to adulthood in 25 degree,do survive below 22 C, withincreasing survival rate as the temperature goes downcannot survive to adulthood in 25 degree,do survive below 22 C, withincreasing survival rate as the temperature goes downcannot survive to adulthood in 25 degree,do survive below 22 C, withincreasing survival rate as the temperature goes downcannot survive to adulthood in 25 degree,do survive below 22 C, withincreasing survival rate as the temperature goes downcannot survive to adulthood in 25 degree,do survive below 22 C, withincreasing survival rate as the temperature goes downcannot survive to adulthood in 25 degree,do survive below 22 C, withincreasing survival rate as the temperature goes down","Can","None","None",
"M233","y[1] w[*]; wg[Sp-1]/CyO; P{w[+mW.hs]=GawB}mirr[DE]/TM3, Sb[1]","1;2;3","Expresses GAL4 in the dorsal compartment of the eye; CyO carries a GFP construct, G.H.","Jian","B29650","None",
"M234","UAS-dMyc;B39/Tm3,Ser","2,3","None","Can","None","IRER function",
"M235","y[1] sc[*] v[1]; P{y[+t7.7] v[+t1.8]=TRiP.HMS01083}attP2","1;3","Expresses dsRNA for RNAi of srp (FBgn0003507) under UAS control. May be segregating TM3, Sb[1], TRiP.","Jian","B34080","None",
"M236","UAS-dMyc;X3{IRER[ubi-DsRed]}","2;3","recombine the UAS-dMyc to the X3 background","Can","None","IRER function",
"M237","yw,hsFLP122;Sp/SM6;Dpp-Gal4,UAS-GFP/TM6B","1;2;3","a gift from Dr.Johnston","Can","None","IRER function",
"M238","y[1] sc[*] v[1]; P{y[+t7.7] v[+t1.8]=TRiP.HMS01298}attP2","1;3","Expresses dsRNA for RNAi of srp (FBgn0003507) under UAS control, TRiP.","Jian","B34623","None",
"M239","y[1] sc[*] v[1]; P{y[+t7.7] v[+t1.8]=TRiP.HMS01208}attP2","1;3","Expresses dsRNA for RNAi of srp (FBgn0003507) under UAS control, TRiP.","Jian","B35818","None",
"M240","Bac{3xP3-RFP.IRER-40kb-GFP}51D/CyO;B39-Df(IRER),FRT80B,w/Tm3,Ser[3]","2;3","recombine the Bac reporter to the Df(IRER) background for rescue experiment","Can/082109","None","Bac-reporter",
"M241","UAS-MST2[117A 3-7]","3, clone the MST2-117A into pUAST vector. Originally assign as 31-2","None","Can","None","IRER function",
"M242","w[1118]; p53BAC/CyO","1;2","p53BAC containing fly, w[1118] background; 2nd CyO balanced; qRT-PCR verified for p53 over-expression","Jian","None","None",
"M243","yw; p53BAC/CyO","1;2","p53BAC containing fly, yw background; 2nd CyO balanced; qRT-PCR verified for over-expression","Jian","None","None",
"M244","ywhsF; FRT82 [armLacZ] M(3)96C/TM6B,Sb","1;3","a gift from Dr.Nicholas Baker","Can","None","None",
"M245","w[*]; TM3, Sb[1] Ser[1]/TM6B, Tb[1]","1;3","Ser[1] largely suppressed, K.M. 3/5/01; 2nd and 3rd double balancers; reordered","Jian","B2537","None",
"M246","y[1] w[1118]","1","WT","Jian","B6598","None",
"M247","en-GAL4,UAS-GFP[avG65]","2, the label is not clear, need to verify genotype with Dr.Baker","a gift from Dr.Nicholas Baker","Can","None","None",
"M248","ILB[31-3]/Cyo","2","ILB 8.6kb region inserted in P{BarrierTester1}, by Nianwei","NianWei","None","Barrier",
"M249","w[*]; Kr[If-1]/CyO; Df(3L)Ly, sens[Ly-1]/TM6C, Sb[1] Tb[1]","1;2;3","2nd and 3rd double balancers","Jian","B42294","None",
"M250","ILB[63-2]","1","ILB 8.6kb region inserted in P{BarrierTester1}, by Nianwei","NianWei","None","Barrier",
"M251","ILB[67-1]//TM3,Sb","3","ILB 8.6kb region inserted in P{BarrierTester1}, by Nianwei","NianWei","None","Barrier",
"M252","ILB[67-2]/TM3,Sb","3","ILB 8.6kb region inserted in P{BarrierTester1}, by Nianwei","NianWei","None","Barrier",
"M253","ILB[69-1]/Cyo","2","ILB 8.6kb region inserted in P{BarrierTester1}, by Nianwei","NianWei","None","Barrier",
"M254","ILB[79-1]","2","ILB 8.6kb region inserted in P{BarrierTester1}, by Nianwei","NianWei","None","Barrier",
"M255","CTCF[EY15833]/TM3,ubiGFPSer","3","Generated from M099","NianWei","None","Barrier",
"M256","CTCF[f01604]/TM3,ubiGFPSer","3","Generated from M098","NianWei","None","Barrier",
"M257","CP190[EY20997]/TM3,ubiGFPSer","3","Generated from M226","NianWei","None","Barrier",
"M258","UAS-FLP;en-GAL4,UAS-GFP","1;2","Homozygous. Generated from G216 and M247 by Nianwei","NianWei","None","Barrier",
"M259","attB{UAS>Su(Hw)BR>P3DsRed} #16/TM3,Sb","3","Positive control for attB{InsulatorTester1}. Injected into 9752 phC31 line. Off target even w/ strong DsRed.","NianWei","None","Barrier",
"M260","attB{UAS>Su(Hw)BR>P3DsRed} #4/Cyo","2","Positive control for attB{InsulatorTester1}. Injected into 9752 phC31 line. Cyo floating.","NianWei","None","Barrier",
"M262","attB{BT1-ILB2} #16/Cyo","2","Test ILB2 region (365,312-369,500) in attB{BarrierTester1}. Injected into 9752 phC31 line.Cyo floating.","NianWei","None","Barrier",
"M263","attB{BT1-ILB3} #11/Cyo","2","Test ILB3 region (368,377-372,039) in attB{BarrierTester1}. Injected into 9752 phC31 line.Cyo floating.","NianWei","None","Barrier",
"M264","attB{BT1-ILB3} #19/Cyo","2","Test ILB3 region (368,377-372,039) in attB{BarrierTester1}. Injected into 9752 phC31 line.Cyo floating.","NianWei","None","Barrier",
"M265","attB{IT1-ILB3} #13/Cyo","2","Test ILB3 region (368,377-372,039) in attB{InsulatorTester1}. Injected into 9752 phC31 line.Cyo floating.","NianWei","None","Barrier",
"M266","attB{IT1-ILB3} #18/Cyo","2","Test ILB3 region (368,377-372,039) in attB{InsulatorTester1}. Injected into 9752 phC31 line.Cyo floating.","NianWei","None","Barrier",
"M267","attB{BT1-ILB2K} #8/Cyo","2","Test ILB2K region (368,377-370,508) in attB{BarrierTester1}. Injected into 9752 phC31 line.Cyo floating.","NianWei","None","Barrier",
"M268","FBE1-gypsy(350)-yp2-LacZ","3","Insertion line 22-1, from Pam Geyer","NianWei","None","Barrier",
"M269","attB{BT1-ILB1K} #6/Cyo","2","Test ILB1K region (368,377-369,500) in attB{BarrierTester1}. Injected into 9752 phC31 line.Cyo floating.","NianWei","None","Barrier",
"M270","attB{BT1-ILB1K} #18/Cyo","2","Test ILB1K region (368,377-369,500) in attB{BarrierTester1}. Injected into 9752 phC31 line.Cyo floating.","NianWei","None","Barrier",
"M271","hs-FLP;en-GAL4,UAS-GFP","1;2","Homozygous. Generated from G292 and M247 by Nianwei","NianWei","None","Barrier",
"M272","ovo-FLP;en-GAL4,UAS-GFP","1;2","Homozygous. Generated from G291 and M247 by Nianwei","NianWei","None","Barrier",
"M273","attB{BT2-ILB3} #5","2","Test ILB3 region (368,377-372,039) in attB{BarrierTester2}. Injected into 9752 phC31 line.Cyo floating.","NianWei","None","Barrier",
"M274","UAS-MST2[117A 2-5]/CyO; B39/T3Sb","2;3 recombine the MST with Df(IRER)","None","Can","None","IRER function",
"M275","w[*]; P{w[+mW.hs]=Switch2}GSG329-1","1;2","Expresses steroid-activated GAL4 in CNS surface glia and in muscles (see FBrf0202785); insertion may map to 30C5, 2L:9699467..9699604 (R5), H.K.","Jian","B40277","None",
"M276","PRE>P3DsRed[47-2]#8/TM3,Sb","3","Excision of ILB8.6kb from M249 by hsFLP(signal weaker than #2), by Nianwei","NianWei","None","Barrier",
"M277","attB{BT1-ILBc} #1/Cyo","2","Test 294bp ILBc region (369,207-369,500) in attB{BarrierTester1}. Injected into 9752 phC31 line.Cyo floating.","NianWei","None","Barrier",
"M278","attB{BT1-ILBc} #11/Cyo","2","Test 294bp ILBc region (369,207-369,500) in attB{BarrierTester1}. Injected into 9752 phC31 line.Cyo floating.","NianWei","None","Barrier",
"M279","attB{BT3-ILBd} #1/Cyo","2","Test ILBd region [368(377)-368(771)] in attB{BarrierTester3}. Injected into 9752 phC31 line.Cyo floating.","NianWei","None","Barrier",
"M280","attB{BT3-ILBd} #18/Cyo","2","Test ILBd region [368(377)-368(771)] in attB{BarrierTester3}. Injected into 9752 phC31 line.Cyo floating.","NianWei","None","Barrier",
"M281","attB{BT3-ILB1K} #1/Cyo","2","Test ILB1K region (368,377-369,500) in attB{BarrierTester3}. Injected into 9752 phC31 line.Cyo floating.","NianWei","None","Barrier",
"M282","attB{BT3-ILB1K} #3/Cyo","2","Test ILB1K region (368,377-369,500) in attB{BarrierTester3}. Injected into 9752 phC31 line.Cyo floating.","NianWei","None","Barrier",
"M283","attB{IT1-ILB3} #10/Cyo","2","Test ILB3 region (368,377-372,039) in attB{InsulatorTester1}. Injected into 9724 phC31 line.Cyo floating.","NianWei","None","Barrier",
"M284","attB{IT1-ILB3} #14/Cyo","2","Test ILB3 region (368,377-372,039) in attB{InsulatorTester1}. Injected into 9724 phC31 line.Cyo floating.","NianWei","None","Barrier",
"M285","attB{IT1-ILB3} #3/TM3,Sb","3","Test ILB3 region (368,377-372,039) in attB{InsulatorTester1}. P insertion.","NianWei","None","Barrier",
"M286","attB{IT1-ILB3} #41/TM3,Sb","3","Test ILB3 region (368,377-372,039) in attB{InsulatorTester1}. P insertion.","NianWei","None","Barrier",
"M287","attB{BT1-pseILB2K} #3/Cyo","2","Test D.pseudoobscura homologous region inattB{BarrierTester1}.Injected into 9752 phC31 line.Cyo floating.","NianWei","None","Barrier",
"M288","attB{BT1-pseILB2K} #9/Cyo","2","Test D.pseudoobscura homologous region inattB{BarrierTester1}.Injected into 9752 phC31 line.Cyo floating.","NianWei","None","Barrier",
"M289","yw hsp70-flp;tub>dMyc>Gal4/CyO;UAS-GFP/Tm6B","1;2;3","from Sergio","Can","None","IRER function",
"M290","attB{IT1-ILBc} #2/Cyo","2","294bp ILBc region (369,207-369,500) in attB{InsulatorTester1}. Injected into 9724 phC31 line.Cyo floating.","NianWei","None","Barrier",
"M291","attB{IT1-ILBc} #10/Cyo","2","294bp ILBc region (369,207-369,500) in attB{InsulatorTester1}. Injected into 9724 phC31 line.Cyo floating.","NianWei","None","Barrier",
"M292","attB{BT1-ILBc_r}/Cyo","2","Test 294bp ILBc region (369,207-369,500) with inversed orientation in attB{BarrierTester1}. Injected into 9724 phC31 line.Cyo floating.","NianWei","None","Barrier",
"M293","PRE>ILB1K>P3DsRed","2","Excision of Su(Hw)BR from BT3-ILB1K (M281)","NianWei","None","Barrier",
"M294","PRE>ILBd>P3DsRed","2","Excision of Su(Hw)BR from BT3-ILB1K (M280)","NianWei","None","Barrier",
"M295","FBE1-gypsy(350)-yp2-LacZ","1","Insertion line 50-1, from Pam Geyer","None","None","None",
"M296","w[*]; P{w[+mW.hs]=Switch2}GSG3678/CyO","1;2","Expresses steroid-activated GAL4 in PNS glia, muscle attachment cells and subsets of ventral nerve cord, sensory and brain neurons and muscles (see FBrf0202785), H.K.","Jian","B40285","None",
"M297","UAS-MST2[117A 3-5]","3, clone the MST2-117A into pUAST vector. Originally assign as 28-1","None","Can","None","IRER function",
"M298","UAS-MST2[117A 1-2]/FM7.B","1, clone the MST2-117A into pUAST vector. Originally assign as 32-2","None","Can","None","IRER function",
"M299","w[*]; P{w[+mW.hs]=Switch2}GSG907","1;2","Expresses steroid-activated GAL4 in PNS and CNS glia and a subset of muscles, H.K. May be segregating TM6B, Tb[1], K.C.","Jian","B40130","None",
"M300","BT4-ILB #6","2","ubi-DsRed inserted into BT1-ILB294 at Xho1 site","NianWei&Guangyao","None","Barrier",
"M301","BT4-ILB #21","3","ubi-DsRed inserted into BT1-ILB294 at Xho1 site","NianWei&Guangyao","None","Barrier",
"M302","BT4-ILB #49","3","ubi-DsRed inserted into BT1-ILB294 at Xho1 site","NianWei&Guangyao","None","Barrier",
"M303","BT4-ILB #53","2, homozygous may be lethal","ubi-DsRed inserted into BT1-ILB294 at Xho1 site","NianWei&Guangyao","None","Barrier",
"M304","CfhL-ILB #1","1","ILB1272bp containing the essential ILB167bp inserted into CfhL enhancer-blocking test vector","NianWei","None","Barrier",
"M305","CfhL-ILB #11","1","ILB1272bp containing the essential ILB167bp inserted into CfhL enhancer-blocking test vector","NianWei","None","Barrier",
"M306","CfhL-ILB #23","3","ILB1272bp containing the essential ILB167bp inserted into CfhL enhancer-blocking test vector","NianWei","None","Barrier",
"M307","CfhL-ILB #31","2","ILB1272bp containing the essential ILB167bp inserted into CfhL enhancer-blocking test vector","NianWei","None","Barrier",
"M310","UAS-GFP/CyO; L110-Df(IRER-left)/Tm6","2;3","received from Sergio, L110 deletion need to be verified","Can","None","IRER function",
"M311","w[1118]-R1","None","Donor: Robert Levis, Syracuse University","Jian","B3605","None",
"M312","w[1118]-R2","None","w[1118] line isogenic for chromosomes 1,2 and 3, tested for normal learning, memory and circadian rhythms, J. Roote","Jian","B5905","None",
"M313","w[1118]-R3","None","SNP mapping stock, isogenic 2nd and 3rd chromosomes, see Hoskins et al., 2001, (FBrf0136956). This is the isogenic background for Exelixis P and PBac insertions.","Jian","B6326","None",
"M314","Oregon-R-SNPiso3-R4","None","None","Jian","B6363","None",
"M315","Oregon-R-modENCODE-R5","None","http://intermine.modencode.org/release-33/report.do?id=101001380","Jian","B25211","None",
"M317","UAS-Su(var)3-9 RNAi, UAS-Diap1/T6Tb #2","3","None","Can","None","X3",
"M318","UAS-Su(var)3-9 RNAi, UAS-Diap1/T3Sb #2","3","None","Can","None","X3",
"M319","UAS-Su(var)3-9 RNAi, UAS-Diap1/T3Sb #3","3","None","Can","None","X3",
"M320","UAS-Su(var)3-9 RNAi, UAS-Diap1/T6Tb #3","3","**5/20/16 copy 1 and 2 were thrown away and regrown with M317. The vials were found to lack TM6Tb","Can","None","X3",
"M321","GMR-Gal4,UAS-MST2[WT2-2]/CyO; Y7/T3Ser","2;3","None","Can","None","IRER function",
"M322","Ser-Gal4/CyO; B11/T3Ser","2;3","None","Can","None","IRER function",
"M323","GMR-Gal4,UAS-MST2[WT2-2]/CyO; Y7/TM6Tb","2;3","None","Can","None","IRER function",
"M327","w[1118]; P{w[+mC]=His2Av-mRFP1}III.1 P{ry[+t7.2]=neoFRT}80B/TM6B, Tb[1]","1;3","None","Michelle","B34499","None",
"M328","UAS-hNGB-3D/Cyo 19","None","None","Can/Michelle","None","IRER function",
"M329","UAS-hNGB-3D/Cyo 18","None","None","Can/Michelle","None","IRER function",
"M330","UAS-hNGB-3D/Cyo 2","None","None","Can/Michelle","None","IRER function",
"M331","UAS-hNGB-3D/Cyo 2","None","None","Can/Michelle","None","IRER function",
"M332","UAS-hNGB wT/Cyo 3","None","None","Can/Michelle","None","IRER function",
"M333","UAS-hNGB wT/Cyo 24-1","None","None","Can/Michelle","None","IRER function",
"M334","UAS-dNGB/Cyo 7-2","None","None","Can/Michelle","None","IRER function",
"M335","UAS-dNGB/Cyo 11-1","None","None","Can/Michelle","None","IRER function",
"M336","attB {UAS-MST2-wt}/Cyo 6-2","None","None","Can/Michelle","None","IRER function",
"M337","attB {UAS-MST2-wt}/Cyo 9-1","None","None","Can/Michelle","None","IRER function",
"M338","attB {UAS-MST2-117A}/Cyo 16-1","None","None","Can/Michelle","None","IRER function",
"M339","hsFLP22,UAS-mCD8::GFP;If/CyO;MKRS/TM6B, Tb[1]","1;2;3","None","Can","None","IRER function",
"M342","UAS-GFP/CyO; P{w[+mC]=His2Av-mRFP1}III.1 P{ry[+t7.2]=neoFRT}80B/TM6B, Tb[1]","2;3","generated from M327 for double clone induction","Can","None","IRER function",
"M343","hsFLP22,UAS-mCD8::GFP; FRT80B,ubi-GFP/TM6B, Tb[1]","1;3","None","Can","None","IRER function",
"M345","hsFLP22,UAS-mCD8::GFP; L110-Df(IRER-left)FRT80B/TM6B, Tb[1]","1;3","None","Can","None","IRER function",
"M346","Ser-Gal4/CyO; B11/TM6B,Tb","2;3","None","Can","None","IRER function",
"M347","UAS-MST2[117A 31-3]; B39/TM6B,Tb","2;3","None","Can","None","IRER function",
"M348","UAS-MST2[WT 50-1]; B39/TM6B,Tb","2;3","None","Can","None","IRER function",
"M349","attB-MST2[WT 10-1]/CyO","2","None","Can","None","IRER function",
"M350","attB-MST2[WT4]/CyO","2","None","Can","None","IRER function",
"M351","attB-MST2[117A 18-1]/CyO","2","None","Can","None","IRER function",
"M352","HSFLP;UAS-GFP;Df(IRER)[B39]FRT80B/T6","1;2;3","None","Can","None","IRER function",
"M353","w;UAS-th[wt]126A/CyO","2","a gift from Kristin White (KW23), UAS-Diap1 on 2nd chromosome","Can","None","None",
"M356","y[1] sc[*] v[1]; p{y[+t7.7] v[+t1.8]= TRiP.GL00020}attP2/TM3, Sb[1]","1;3","Expresses dsRNA for RNAi of lok (FBgn0019686) under UAS control, TRiP.","Bo","B35152","None",
"M357","yw; GMR-Gal4,UAS-eiger/CyO","1;2","from Edu Moreno","Can","None","IRER function",
"M358","ywF; Cyo/If; UAStdmyc/Tm6b","1;2;3","from Edu Moreno","Can","None","IRER function",
"M359","ywF; act>y+>G4 UAS-GFP/SM5A TM6B/TM2","1;2;3","from Edu Moreno","Can","None","IRER function",
"M360","ywFlp; Sp/CyO; act>y+>Gal4 UAS GFP/TM6B","1;2;3","from Edu Moreno, this stock seems a bit leaky as it had already green clones in the wing discs without HS","Can","None","IRER function",
"M362","w[1118]; P{w[+mC]=Cg-GAL4.A}2","2","Expresses GAL4 in hemocytes (also fat body and lymph gland)","Bo","B7011","None",
"M365","P{CG9203}; Kr[If-1]/CyO; MKRS/TM6Tb","1,2,3","Generated by Kiet; Refers to G359 for info on P{CG9203}","Kiet","None","C1orf124",
"M367","w[*]; UAS-GFP, Act5C-Gal4/Cyo; P{w[+mC]=tubP-GAL80[ts]}7/TM6,Tb","1,2,3","Generated by Kiet; Floating TM6Tb","Kiet","None","None",
"M369","y[1] v[1]; P{y[+t7.7] v[+t1.8]=TRiP.HMS00014}attP2/TM3, Sb[1]","1,3","Expresses dsRNA for RNAi of dlg1 (FBgn0001624) under UAS control, TRiP.","Bo","B33620","None",
"M370","y[1] sc[*] v[1]; P{y[+t7.7] v[+t1.8]=TRiP.HMS00575}attP2","1,3","Expresses dsRNA for RNAi of Utx (FBgn0260749) under UAS control, TRiP.","Bo","B34076","None",
"M372","y[1] sc[*] v[1]; P{y[+t7.7] v[+t1.8]=TRiP.GL00603}attP40","1,2","Expresses dsRNA for RNAi of bsk (FBgn0000229) under UAS control, TRiP.","Bo","B36643","None",
"M375","w-, IRER 6.5kb TubGFP","1","Can's Tubulin GFP copy 2","Denis","None","X3",
"M376","w; white IR; dcr2L811fsx/cyo; +/Tm3,Sb","1,2,3","Gift from Neal Silverman","Bo","None","None",
"M379"," y[1] M{vas-int.Dm}ZH-2A w[*]; PBac{y[+]-attP-3B-UAS-hAAT}VK00033 ","1,3  ","GenBank: EF362409 was injected into Bloomington flies  No. 24871. The resultant flies express endogenous PhiC1 integrase and are homoz. 3rd UAS-HAAT","Denis,","None","None",
"M380","y[1] M{vas-int.Dm}ZH-2A w[*]; PBac{y[+]-attP-3B}VK00033","1,3","Background for hAAT flies M379.","Denis","B24871","None",
"M381","Lsp2-Gal4:UAS-hAAT [A]","None","recombined G387 with M379, DT USP book I p 13","Denis","None","None",
"M382","Lsp2-Gal4:UAS-hAAT [B]","None","independent recombination of M381, same lines","Denis","None","None",
"M383","Lsp2-Gal4:PBac{y[+]-attP-3B}VK00033 (P3DsRed+)[A]","None","Control for LSPGal4-hAAT, independent recomniation ","Weihong","None","None",
"M384","Lsp2-Gal4:PBac{y[+]-attP-3B}VK00033 (P3DsRed+)[B]","None","Control for LSPGal4-hAAT, independent recomniation","Weihong","None","None",
"M385","Lsp2-Gal4:PBac{y[+]-attP-3B}VK00033 (P3DsRed+)[C]","None","Control for LSPGal4-hAAT, independent recomniation","Weihong","None","None",
"M386","w[*]; P{w[+mC]=He-GAL4.Z}85","1;3","67C5, 3L:9707803 (R5 flank); Expresses GAL4 in hemocytes, D.H.; sequence location per B. Laurinyecz,","None","B8699","None",
"M387","w[*]; P{w[+mC]=He-GAL4.Z}85, P{w[+mC]=UAS-GFP.nls}8","1;3","67C5, 3L:9707803 (R5 flank) (GAL4); Expresses GAL4 and GFP in hemocytes, ","None","B8700","None",
"M388","w[*]; P{w[+mC]=UAS-mCD8.ChRFP}2","1;2","Expresses Cherry RFP fused to the mouse CD8 extracellular and transmembrane domains for membrane targeting under UAS control. May be segregating CyO, F.S.","None","B27391","None",
"M389","w[1118]; P{w[+mC]=Hml-GAL4.Delta}2","1;2","Expresses GAL4 in lymph glands and circulating hemocytes, S.S.","None","B30139","None",
"M390","w[1118]; P{w[+mC]=Hml-GAL4.Delta}2, P{w[+mC]=UAS-2xEGFP}AH2","1;2","Expresses GAL4 and GFP in lymph glands and circulating hemocytes, S.S.","None","B30140","None",
"M391","w[1118]; P{w[+mC]=Hml-GAL4.Delta}3, P{w[+mC]=UAS-2xEGFP}AH3/MKRS","1;3","Expresses GAL4 and GFP in lymph glands and circulating hemocytes. May be segregating noc[Sco], S.S.","None","B30142","None",
"M392","w[*]; P{w[+mC]=UAS-mCherry.NLS}3","1;3","Expresses mCherry with a nuclear localization sequence under UAS control, M.M","None","B38424","None",
"M393","w[*]; P{w[+mC]=UAS-mCherry.NLS}2; MKRS/TM6B, Tb[1]","1;2;3","Expresses mCherry with a nuclear localization sequence under UAS control, M.M","None","B38425","None",
"M394","w[1118]; TI{w[+mW.hs]=TI}p53[-ns]","1;3","TI mutsgenesis done by Sodma et al 2003 PNAS - considered as P53 Null -  duplication","None","B23283","None",
"M395","UAS-ScribRnai:P53-/Tm3sb (5A Deletion)","3","Generated From Vial 17- Not generated Correctly, no scrib","Brian B","None","None",
"M396","UAS-ScribRnai:P53-/Tm3sb (5A Deletion)","3","Generated from Vial 19- not generated correctly, no scrib","Brian B","None","None",
"M399","UAS-ScribRnai:P53-/Tm3sb (11B Early STOP codon)","3","Generated from vial 5- not generated correctly, no scrib","Brian B","None","None"